measure_id,measure_name,location_id,location_name,sex_id,sex_name,age_id,age_name,metric_id,metric_name,year,val,upper,lower
46,Age-specific fertility rate,168,Angola,2,Female,2,0-6 days,3,Rate,2000,0.0,0.0,0.0
46,Age-specific fertility rate,168,Angola,2,Female,2,0-6 days,3,Rate,2001,0.0,0.0,0.0
46,Age-specific fertility rate,168,Angola,2,Female,2,0-6 days,3,Rate,2002,0.0,0.0,0.0
46,Age-specific fertility rate,168,Angola,2,Female,2,0-6 days,3,Rate,2003,0.0,0.0,0.0
46,Age-specific fertility rate,168,Angola,2,Female,2,0-6 days,3,Rate,2004,0.0,0.0,0.0
46,Age-specific fertility rate,168,Angola,2,Female,2,0-6 days,3,Rate,2005,0.0,0.0,0.0
46,Age-specific fertility rate,168,Angola,2,Female,2,0-6 days,3,Rate,2006,0.0,0.0,0.0
46,Age-specific fertility rate,168,Angola,2,Female,2,0-6 days,3,Rate,2007,0.0,0.0,0.0
46,Age-specific fertility rate,168,Angola,2,Female,2,0-6 days,3,Rate,2008,0.0,0.0,0.0
46,Age-specific fertility rate,168,Angola,2,Female,2,0-6 days,3,Rate,2009,0.0,0.0,0.0
46,Age-specific fertility rate,168,Angola,2,Female,2,0-6 days,3,Rate,2010,0.0,0.0,0.0
46,Age-specific fertility rate,168,Angola,2,Female,2,0-6 days,3,Rate,2011,0.0,0.0,0.0
46,Age-specific fertility rate,168,Angola,2,Female,2,0-6 days,3,Rate,2012,0.0,0.0,0.0
46,Age-specific fertility rate,168,Angola,2,Female,2,0-6 days,3,Rate,2013,0.0,0.0,0.0
46,Age-specific fertility rate,168,Angola,2,Female,2,0-6 days,3,Rate,2014,0.0,0.0,0.0
46,Age-specific fertility rate,168,Angola,2,Female,2,0-6 days,3,Rate,2015,0.0,0.0,0.0
46,Age-specific fertility rate,168,Angola,2,Female,2,0-6 days,3,Rate,2016,0.0,0.0,0.0
46,Age-specific fertility rate,168,Angola,2,Female,2,0-6 days,3,Rate,2017,0.0,0.0,0.0
46,Age-specific fertility rate,168,Angola,2,Female,2,0-6 days,3,Rate,2018,0.0,0.0,0.0
46,Age-specific fertility rate,168,Angola,2,Female,2,0-6 days,3,Rate,2019,0.0,0.0,0.0
46,Age-specific fertility rate,168,Angola,2,Female,2,0-6 days,3,Rate,2020,0.0,0.0,0.0
46,Age-specific fertility rate,168,Angola,2,Female,2,0-6 days,3,Rate,2021,0.0,0.0,0.0
46,Age-specific fertility rate,176,Comoros,2,Female,2,0-6 days,3,Rate,2000,0.0,0.0,0.0
46,Age-specific fertility rate,176,Comoros,2,Female,2,0-6 days,3,Rate,2001,0.0,0.0,0.0
46,Age-specific fertility rate,176,Comoros,2,Female,2,0-6 days,3,Rate,2002,0.0,0.0,0.0
46,Age-specific fertility rate,176,Comoros,2,Female,2,0-6 days,3,Rate,2003,0.0,0.0,0.0
46,Age-specific fertility rate,176,Comoros,2,Female,2,0-6 days,3,Rate,2004,0.0,0.0,0.0
46,Age-specific fertility rate,176,Comoros,2,Female,2,0-6 days,3,Rate,2005,0.0,0.0,0.0
46,Age-specific fertility rate,176,Comoros,2,Female,2,0-6 days,3,Rate,2006,0.0,0.0,0.0
46,Age-specific fertility rate,176,Comoros,2,Female,2,0-6 days,3,Rate,2007,0.0,0.0,0.0
46,Age-specific fertility rate,176,Comoros,2,Female,2,0-6 days,3,Rate,2008,0.0,0.0,0.0
46,Age-specific fertility rate,176,Comoros,2,Female,2,0-6 days,3,Rate,2009,0.0,0.0,0.0
46,Age-specific fertility rate,176,Comoros,2,Female,2,0-6 days,3,Rate,2010,0.0,0.0,0.0
46,Age-specific fertility rate,176,Comoros,2,Female,2,0-6 days,3,Rate,2011,0.0,0.0,0.0
46,Age-specific fertility rate,176,Comoros,2,Female,2,0-6 days,3,Rate,2012,0.0,0.0,0.0
46,Age-specific fertility rate,176,Comoros,2,Female,2,0-6 days,3,Rate,2013,0.0,0.0,0.0
46,Age-specific fertility rate,176,Comoros,2,Female,2,0-6 days,3,Rate,2014,0.0,0.0,0.0
46,Age-specific fertility rate,176,Comoros,2,Female,2,0-6 days,3,Rate,2015,0.0,0.0,0.0
46,Age-specific fertility rate,176,Comoros,2,Female,2,0-6 days,3,Rate,2016,0.0,0.0,0.0
46,Age-specific fertility rate,176,Comoros,2,Female,2,0-6 days,3,Rate,2017,0.0,0.0,0.0
46,Age-specific fertility rate,176,Comoros,2,Female,2,0-6 days,3,Rate,2018,0.0,0.0,0.0
46,Age-specific fertility rate,176,Comoros,2,Female,2,0-6 days,3,Rate,2019,0.0,0.0,0.0
46,Age-specific fertility rate,176,Comoros,2,Female,2,0-6 days,3,Rate,2020,0.0,0.0,0.0
46,Age-specific fertility rate,176,Comoros,2,Female,2,0-6 days,3,Rate,2021,0.0,0.0,0.0
46,Age-specific fertility rate,177,Djibouti,2,Female,2,0-6 days,3,Rate,2000,0.0,0.0,0.0
46,Age-specific fertility rate,177,Djibouti,2,Female,2,0-6 days,3,Rate,2001,0.0,0.0,0.0
46,Age-specific fertility rate,177,Djibouti,2,Female,2,0-6 days,3,Rate,2002,0.0,0.0,0.0
46,Age-specific fertility rate,177,Djibouti,2,Female,2,0-6 days,3,Rate,2003,0.0,0.0,0.0
46,Age-specific fertility rate,177,Djibouti,2,Female,2,0-6 days,3,Rate,2004,0.0,0.0,0.0
46,Age-specific fertility rate,177,Djibouti,2,Female,2,0-6 days,3,Rate,2005,0.0,0.0,0.0
46,Age-specific fertility rate,177,Djibouti,2,Female,2,0-6 days,3,Rate,2006,0.0,0.0,0.0
46,Age-specific fertility rate,177,Djibouti,2,Female,2,0-6 days,3,Rate,2007,0.0,0.0,0.0
46,Age-specific fertility rate,177,Djibouti,2,Female,2,0-6 days,3,Rate,2008,0.0,0.0,0.0
46,Age-specific fertility rate,177,Djibouti,2,Female,2,0-6 days,3,Rate,2009,0.0,0.0,0.0
46,Age-specific fertility rate,177,Djibouti,2,Female,2,0-6 days,3,Rate,2010,0.0,0.0,0.0
46,Age-specific fertility rate,177,Djibouti,2,Female,2,0-6 days,3,Rate,2011,0.0,0.0,0.0
46,Age-specific fertility rate,177,Djibouti,2,Female,2,0-6 days,3,Rate,2012,0.0,0.0,0.0
46,Age-specific fertility rate,177,Djibouti,2,Female,2,0-6 days,3,Rate,2013,0.0,0.0,0.0
46,Age-specific fertility rate,177,Djibouti,2,Female,2,0-6 days,3,Rate,2014,0.0,0.0,0.0
46,Age-specific fertility rate,177,Djibouti,2,Female,2,0-6 days,3,Rate,2015,0.0,0.0,0.0
46,Age-specific fertility rate,177,Djibouti,2,Female,2,0-6 days,3,Rate,2016,0.0,0.0,0.0
46,Age-specific fertility rate,177,Djibouti,2,Female,2,0-6 days,3,Rate,2017,0.0,0.0,0.0
46,Age-specific fertility rate,177,Djibouti,2,Female,2,0-6 days,3,Rate,2018,0.0,0.0,0.0
46,Age-specific fertility rate,177,Djibouti,2,Female,2,0-6 days,3,Rate,2019,0.0,0.0,0.0
46,Age-specific fertility rate,177,Djibouti,2,Female,2,0-6 days,3,Rate,2020,0.0,0.0,0.0
46,Age-specific fertility rate,177,Djibouti,2,Female,2,0-6 days,3,Rate,2021,0.0,0.0,0.0
46,Age-specific fertility rate,169,Central African Republic,2,Female,2,0-6 days,3,Rate,2000,0.0,0.0,0.0
46,Age-specific fertility rate,169,Central African Republic,2,Female,2,0-6 days,3,Rate,2001,0.0,0.0,0.0
46,Age-specific fertility rate,169,Central African Republic,2,Female,2,0-6 days,3,Rate,2002,0.0,0.0,0.0
46,Age-specific fertility rate,169,Central African Republic,2,Female,2,0-6 days,3,Rate,2003,0.0,0.0,0.0
46,Age-specific fertility rate,169,Central African Republic,2,Female,2,0-6 days,3,Rate,2004,0.0,0.0,0.0
46,Age-specific fertility rate,169,Central African Republic,2,Female,2,0-6 days,3,Rate,2005,0.0,0.0,0.0
46,Age-specific fertility rate,169,Central African Republic,2,Female,2,0-6 days,3,Rate,2006,0.0,0.0,0.0
46,Age-specific fertility rate,169,Central African Republic,2,Female,2,0-6 days,3,Rate,2007,0.0,0.0,0.0
46,Age-specific fertility rate,169,Central African Republic,2,Female,2,0-6 days,3,Rate,2008,0.0,0.0,0.0
46,Age-specific fertility rate,169,Central African Republic,2,Female,2,0-6 days,3,Rate,2009,0.0,0.0,0.0
46,Age-specific fertility rate,169,Central African Republic,2,Female,2,0-6 days,3,Rate,2010,0.0,0.0,0.0
46,Age-specific fertility rate,169,Central African Republic,2,Female,2,0-6 days,3,Rate,2011,0.0,0.0,0.0
46,Age-specific fertility rate,169,Central African Republic,2,Female,2,0-6 days,3,Rate,2012,0.0,0.0,0.0
46,Age-specific fertility rate,169,Central African Republic,2,Female,2,0-6 days,3,Rate,2013,0.0,0.0,0.0
46,Age-specific fertility rate,169,Central African Republic,2,Female,2,0-6 days,3,Rate,2014,0.0,0.0,0.0
46,Age-specific fertility rate,169,Central African Republic,2,Female,2,0-6 days,3,Rate,2015,0.0,0.0,0.0
46,Age-specific fertility rate,169,Central African Republic,2,Female,2,0-6 days,3,Rate,2016,0.0,0.0,0.0
46,Age-specific fertility rate,169,Central African Republic,2,Female,2,0-6 days,3,Rate,2017,0.0,0.0,0.0
46,Age-specific fertility rate,169,Central African Republic,2,Female,2,0-6 days,3,Rate,2018,0.0,0.0,0.0
46,Age-specific fertility rate,169,Central African Republic,2,Female,2,0-6 days,3,Rate,2019,0.0,0.0,0.0
46,Age-specific fertility rate,169,Central African Republic,2,Female,2,0-6 days,3,Rate,2020,0.0,0.0,0.0
46,Age-specific fertility rate,169,Central African Republic,2,Female,2,0-6 days,3,Rate,2021,0.0,0.0,0.0
46,Age-specific fertility rate,170,Congo,2,Female,2,0-6 days,3,Rate,2000,0.0,0.0,0.0
46,Age-specific fertility rate,170,Congo,2,Female,2,0-6 days,3,Rate,2001,0.0,0.0,0.0
46,Age-specific fertility rate,170,Congo,2,Female,2,0-6 days,3,Rate,2002,0.0,0.0,0.0
46,Age-specific fertility rate,170,Congo,2,Female,2,0-6 days,3,Rate,2003,0.0,0.0,0.0
46,Age-specific fertility rate,170,Congo,2,Female,2,0-6 days,3,Rate,2004,0.0,0.0,0.0
46,Age-specific fertility rate,170,Congo,2,Female,2,0-6 days,3,Rate,2005,0.0,0.0,0.0
46,Age-specific fertility rate,170,Congo,2,Female,2,0-6 days,3,Rate,2006,0.0,0.0,0.0
46,Age-specific fertility rate,170,Congo,2,Female,2,0-6 days,3,Rate,2007,0.0,0.0,0.0
46,Age-specific fertility rate,170,Congo,2,Female,2,0-6 days,3,Rate,2008,0.0,0.0,0.0
46,Age-specific fertility rate,170,Congo,2,Female,2,0-6 days,3,Rate,2009,0.0,0.0,0.0
46,Age-specific fertility rate,170,Congo,2,Female,2,0-6 days,3,Rate,2010,0.0,0.0,0.0
46,Age-specific fertility rate,170,Congo,2,Female,2,0-6 days,3,Rate,2011,0.0,0.0,0.0
46,Age-specific fertility rate,170,Congo,2,Female,2,0-6 days,3,Rate,2012,0.0,0.0,0.0
46,Age-specific fertility rate,170,Congo,2,Female,2,0-6 days,3,Rate,2013,0.0,0.0,0.0
46,Age-specific fertility rate,170,Congo,2,Female,2,0-6 days,3,Rate,2014,0.0,0.0,0.0
46,Age-specific fertility rate,170,Congo,2,Female,2,0-6 days,3,Rate,2015,0.0,0.0,0.0
46,Age-specific fertility rate,170,Congo,2,Female,2,0-6 days,3,Rate,2016,0.0,0.0,0.0
46,Age-specific fertility rate,170,Congo,2,Female,2,0-6 days,3,Rate,2017,0.0,0.0,0.0
46,Age-specific fertility rate,170,Congo,2,Female,2,0-6 days,3,Rate,2018,0.0,0.0,0.0
46,Age-specific fertility rate,170,Congo,2,Female,2,0-6 days,3,Rate,2019,0.0,0.0,0.0
46,Age-specific fertility rate,170,Congo,2,Female,2,0-6 days,3,Rate,2020,0.0,0.0,0.0
46,Age-specific fertility rate,170,Congo,2,Female,2,0-6 days,3,Rate,2021,0.0,0.0,0.0
46,Age-specific fertility rate,179,Ethiopia,2,Female,2,0-6 days,3,Rate,2000,0.0,0.0,0.0
46,Age-specific fertility rate,179,Ethiopia,2,Female,2,0-6 days,3,Rate,2001,0.0,0.0,0.0
46,Age-specific fertility rate,179,Ethiopia,2,Female,2,0-6 days,3,Rate,2002,0.0,0.0,0.0
46,Age-specific fertility rate,179,Ethiopia,2,Female,2,0-6 days,3,Rate,2003,0.0,0.0,0.0
46,Age-specific fertility rate,179,Ethiopia,2,Female,2,0-6 days,3,Rate,2004,0.0,0.0,0.0
46,Age-specific fertility rate,179,Ethiopia,2,Female,2,0-6 days,3,Rate,2005,0.0,0.0,0.0
46,Age-specific fertility rate,179,Ethiopia,2,Female,2,0-6 days,3,Rate,2006,0.0,0.0,0.0
46,Age-specific fertility rate,179,Ethiopia,2,Female,2,0-6 days,3,Rate,2007,0.0,0.0,0.0
46,Age-specific fertility rate,179,Ethiopia,2,Female,2,0-6 days,3,Rate,2008,0.0,0.0,0.0
46,Age-specific fertility rate,179,Ethiopia,2,Female,2,0-6 days,3,Rate,2009,0.0,0.0,0.0
46,Age-specific fertility rate,179,Ethiopia,2,Female,2,0-6 days,3,Rate,2010,0.0,0.0,0.0
46,Age-specific fertility rate,179,Ethiopia,2,Female,2,0-6 days,3,Rate,2011,0.0,0.0,0.0
46,Age-specific fertility rate,179,Ethiopia,2,Female,2,0-6 days,3,Rate,2012,0.0,0.0,0.0
46,Age-specific fertility rate,179,Ethiopia,2,Female,2,0-6 days,3,Rate,2013,0.0,0.0,0.0
46,Age-specific fertility rate,179,Ethiopia,2,Female,2,0-6 days,3,Rate,2014,0.0,0.0,0.0
46,Age-specific fertility rate,179,Ethiopia,2,Female,2,0-6 days,3,Rate,2015,0.0,0.0,0.0
46,Age-specific fertility rate,179,Ethiopia,2,Female,2,0-6 days,3,Rate,2016,0.0,0.0,0.0
46,Age-specific fertility rate,179,Ethiopia,2,Female,2,0-6 days,3,Rate,2017,0.0,0.0,0.0
46,Age-specific fertility rate,179,Ethiopia,2,Female,2,0-6 days,3,Rate,2018,0.0,0.0,0.0
46,Age-specific fertility rate,179,Ethiopia,2,Female,2,0-6 days,3,Rate,2019,0.0,0.0,0.0
46,Age-specific fertility rate,179,Ethiopia,2,Female,2,0-6 days,3,Rate,2020,0.0,0.0,0.0
46,Age-specific fertility rate,179,Ethiopia,2,Female,2,0-6 days,3,Rate,2021,0.0,0.0,0.0
46,Age-specific fertility rate,178,Eritrea,2,Female,2,0-6 days,3,Rate,2000,0.0,0.0,0.0
46,Age-specific fertility rate,178,Eritrea,2,Female,2,0-6 days,3,Rate,2001,0.0,0.0,0.0
46,Age-specific fertility rate,178,Eritrea,2,Female,2,0-6 days,3,Rate,2002,0.0,0.0,0.0
46,Age-specific fertility rate,178,Eritrea,2,Female,2,0-6 days,3,Rate,2003,0.0,0.0,0.0
46,Age-specific fertility rate,178,Eritrea,2,Female,2,0-6 days,3,Rate,2004,0.0,0.0,0.0
46,Age-specific fertility rate,178,Eritrea,2,Female,2,0-6 days,3,Rate,2005,0.0,0.0,0.0
46,Age-specific fertility rate,178,Eritrea,2,Female,2,0-6 days,3,Rate,2006,0.0,0.0,0.0
46,Age-specific fertility rate,178,Eritrea,2,Female,2,0-6 days,3,Rate,2007,0.0,0.0,0.0
46,Age-specific fertility rate,178,Eritrea,2,Female,2,0-6 days,3,Rate,2008,0.0,0.0,0.0
46,Age-specific fertility rate,178,Eritrea,2,Female,2,0-6 days,3,Rate,2009,0.0,0.0,0.0
46,Age-specific fertility rate,178,Eritrea,2,Female,2,0-6 days,3,Rate,2010,0.0,0.0,0.0
46,Age-specific fertility rate,178,Eritrea,2,Female,2,0-6 days,3,Rate,2011,0.0,0.0,0.0
46,Age-specific fertility rate,178,Eritrea,2,Female,2,0-6 days,3,Rate,2012,0.0,0.0,0.0
46,Age-specific fertility rate,178,Eritrea,2,Female,2,0-6 days,3,Rate,2013,0.0,0.0,0.0
46,Age-specific fertility rate,178,Eritrea,2,Female,2,0-6 days,3,Rate,2014,0.0,0.0,0.0
46,Age-specific fertility rate,178,Eritrea,2,Female,2,0-6 days,3,Rate,2015,0.0,0.0,0.0
46,Age-specific fertility rate,178,Eritrea,2,Female,2,0-6 days,3,Rate,2016,0.0,0.0,0.0
46,Age-specific fertility rate,178,Eritrea,2,Female,2,0-6 days,3,Rate,2017,0.0,0.0,0.0
46,Age-specific fertility rate,178,Eritrea,2,Female,2,0-6 days,3,Rate,2018,0.0,0.0,0.0
46,Age-specific fertility rate,178,Eritrea,2,Female,2,0-6 days,3,Rate,2019,0.0,0.0,0.0
46,Age-specific fertility rate,178,Eritrea,2,Female,2,0-6 days,3,Rate,2020,0.0,0.0,0.0
46,Age-specific fertility rate,178,Eritrea,2,Female,2,0-6 days,3,Rate,2021,0.0,0.0,0.0
46,Age-specific fertility rate,187,Somalia,2,Female,2,0-6 days,3,Rate,2000,0.0,0.0,0.0
46,Age-specific fertility rate,187,Somalia,2,Female,2,0-6 days,3,Rate,2001,0.0,0.0,0.0
46,Age-specific fertility rate,187,Somalia,2,Female,2,0-6 days,3,Rate,2002,0.0,0.0,0.0
46,Age-specific fertility rate,187,Somalia,2,Female,2,0-6 days,3,Rate,2003,0.0,0.0,0.0
46,Age-specific fertility rate,187,Somalia,2,Female,2,0-6 days,3,Rate,2004,0.0,0.0,0.0
46,Age-specific fertility rate,187,Somalia,2,Female,2,0-6 days,3,Rate,2005,0.0,0.0,0.0
46,Age-specific fertility rate,187,Somalia,2,Female,2,0-6 days,3,Rate,2006,0.0,0.0,0.0
46,Age-specific fertility rate,187,Somalia,2,Female,2,0-6 days,3,Rate,2007,0.0,0.0,0.0
46,Age-specific fertility rate,187,Somalia,2,Female,2,0-6 days,3,Rate,2008,0.0,0.0,0.0
46,Age-specific fertility rate,187,Somalia,2,Female,2,0-6 days,3,Rate,2009,0.0,0.0,0.0
46,Age-specific fertility rate,187,Somalia,2,Female,2,0-6 days,3,Rate,2010,0.0,0.0,0.0
46,Age-specific fertility rate,187,Somalia,2,Female,2,0-6 days,3,Rate,2011,0.0,0.0,0.0
46,Age-specific fertility rate,187,Somalia,2,Female,2,0-6 days,3,Rate,2012,0.0,0.0,0.0
46,Age-specific fertility rate,187,Somalia,2,Female,2,0-6 days,3,Rate,2013,0.0,0.0,0.0
46,Age-specific fertility rate,187,Somalia,2,Female,2,0-6 days,3,Rate,2014,0.0,0.0,0.0
46,Age-specific fertility rate,187,Somalia,2,Female,2,0-6 days,3,Rate,2015,0.0,0.0,0.0
46,Age-specific fertility rate,187,Somalia,2,Female,2,0-6 days,3,Rate,2016,0.0,0.0,0.0
46,Age-specific fertility rate,187,Somalia,2,Female,2,0-6 days,3,Rate,2017,0.0,0.0,0.0
46,Age-specific fertility rate,187,Somalia,2,Female,2,0-6 days,3,Rate,2018,0.0,0.0,0.0
46,Age-specific fertility rate,187,Somalia,2,Female,2,0-6 days,3,Rate,2019,0.0,0.0,0.0
46,Age-specific fertility rate,187,Somalia,2,Female,2,0-6 days,3,Rate,2020,0.0,0.0,0.0
46,Age-specific fertility rate,187,Somalia,2,Female,2,0-6 days,3,Rate,2021,0.0,0.0,0.0
46,Age-specific fertility rate,180,Kenya,2,Female,2,0-6 days,3,Rate,2000,0.0,0.0,0.0
46,Age-specific fertility rate,180,Kenya,2,Female,2,0-6 days,3,Rate,2001,0.0,0.0,0.0
46,Age-specific fertility rate,180,Kenya,2,Female,2,0-6 days,3,Rate,2002,0.0,0.0,0.0
46,Age-specific fertility rate,180,Kenya,2,Female,2,0-6 days,3,Rate,2003,0.0,0.0,0.0
46,Age-specific fertility rate,180,Kenya,2,Female,2,0-6 days,3,Rate,2004,0.0,0.0,0.0
46,Age-specific fertility rate,180,Kenya,2,Female,2,0-6 days,3,Rate,2005,0.0,0.0,0.0
46,Age-specific fertility rate,180,Kenya,2,Female,2,0-6 days,3,Rate,2006,0.0,0.0,0.0
46,Age-specific fertility rate,180,Kenya,2,Female,2,0-6 days,3,Rate,2007,0.0,0.0,0.0
46,Age-specific fertility rate,180,Kenya,2,Female,2,0-6 days,3,Rate,2008,0.0,0.0,0.0
46,Age-specific fertility rate,180,Kenya,2,Female,2,0-6 days,3,Rate,2009,0.0,0.0,0.0
46,Age-specific fertility rate,180,Kenya,2,Female,2,0-6 days,3,Rate,2010,0.0,0.0,0.0
46,Age-specific fertility rate,180,Kenya,2,Female,2,0-6 days,3,Rate,2011,0.0,0.0,0.0
46,Age-specific fertility rate,180,Kenya,2,Female,2,0-6 days,3,Rate,2012,0.0,0.0,0.0
46,Age-specific fertility rate,180,Kenya,2,Female,2,0-6 days,3,Rate,2013,0.0,0.0,0.0
46,Age-specific fertility rate,180,Kenya,2,Female,2,0-6 days,3,Rate,2014,0.0,0.0,0.0
46,Age-specific fertility rate,180,Kenya,2,Female,2,0-6 days,3,Rate,2015,0.0,0.0,0.0
46,Age-specific fertility rate,180,Kenya,2,Female,2,0-6 days,3,Rate,2016,0.0,0.0,0.0
46,Age-specific fertility rate,180,Kenya,2,Female,2,0-6 days,3,Rate,2017,0.0,0.0,0.0
46,Age-specific fertility rate,180,Kenya,2,Female,2,0-6 days,3,Rate,2018,0.0,0.0,0.0
46,Age-specific fertility rate,180,Kenya,2,Female,2,0-6 days,3,Rate,2019,0.0,0.0,0.0
46,Age-specific fertility rate,180,Kenya,2,Female,2,0-6 days,3,Rate,2020,0.0,0.0,0.0
46,Age-specific fertility rate,180,Kenya,2,Female,2,0-6 days,3,Rate,2021,0.0,0.0,0.0
46,Age-specific fertility rate,181,Madagascar,2,Female,2,0-6 days,3,Rate,2000,0.0,0.0,0.0
46,Age-specific fertility rate,181,Madagascar,2,Female,2,0-6 days,3,Rate,2001,0.0,0.0,0.0
46,Age-specific fertility rate,181,Madagascar,2,Female,2,0-6 days,3,Rate,2002,0.0,0.0,0.0
46,Age-specific fertility rate,181,Madagascar,2,Female,2,0-6 days,3,Rate,2003,0.0,0.0,0.0
46,Age-specific fertility rate,181,Madagascar,2,Female,2,0-6 days,3,Rate,2004,0.0,0.0,0.0
46,Age-specific fertility rate,181,Madagascar,2,Female,2,0-6 days,3,Rate,2005,0.0,0.0,0.0
46,Age-specific fertility rate,181,Madagascar,2,Female,2,0-6 days,3,Rate,2006,0.0,0.0,0.0
46,Age-specific fertility rate,181,Madagascar,2,Female,2,0-6 days,3,Rate,2007,0.0,0.0,0.0
46,Age-specific fertility rate,181,Madagascar,2,Female,2,0-6 days,3,Rate,2008,0.0,0.0,0.0
46,Age-specific fertility rate,181,Madagascar,2,Female,2,0-6 days,3,Rate,2009,0.0,0.0,0.0
46,Age-specific fertility rate,181,Madagascar,2,Female,2,0-6 days,3,Rate,2010,0.0,0.0,0.0
46,Age-specific fertility rate,181,Madagascar,2,Female,2,0-6 days,3,Rate,2011,0.0,0.0,0.0
46,Age-specific fertility rate,181,Madagascar,2,Female,2,0-6 days,3,Rate,2012,0.0,0.0,0.0
46,Age-specific fertility rate,181,Madagascar,2,Female,2,0-6 days,3,Rate,2013,0.0,0.0,0.0
46,Age-specific fertility rate,181,Madagascar,2,Female,2,0-6 days,3,Rate,2014,0.0,0.0,0.0
46,Age-specific fertility rate,181,Madagascar,2,Female,2,0-6 days,3,Rate,2015,0.0,0.0,0.0
46,Age-specific fertility rate,181,Madagascar,2,Female,2,0-6 days,3,Rate,2016,0.0,0.0,0.0
46,Age-specific fertility rate,181,Madagascar,2,Female,2,0-6 days,3,Rate,2017,0.0,0.0,0.0
46,Age-specific fertility rate,181,Madagascar,2,Female,2,0-6 days,3,Rate,2018,0.0,0.0,0.0
46,Age-specific fertility rate,181,Madagascar,2,Female,2,0-6 days,3,Rate,2019,0.0,0.0,0.0
46,Age-specific fertility rate,181,Madagascar,2,Female,2,0-6 days,3,Rate,2020,0.0,0.0,0.0
46,Age-specific fertility rate,181,Madagascar,2,Female,2,0-6 days,3,Rate,2021,0.0,0.0,0.0
46,Age-specific fertility rate,189,United Republic of Tanzania,2,Female,2,0-6 days,3,Rate,2000,0.0,0.0,0.0
46,Age-specific fertility rate,189,United Republic of Tanzania,2,Female,2,0-6 days,3,Rate,2001,0.0,0.0,0.0
46,Age-specific fertility rate,189,United Republic of Tanzania,2,Female,2,0-6 days,3,Rate,2002,0.0,0.0,0.0
46,Age-specific fertility rate,189,United Republic of Tanzania,2,Female,2,0-6 days,3,Rate,2003,0.0,0.0,0.0
46,Age-specific fertility rate,189,United Republic of Tanzania,2,Female,2,0-6 days,3,Rate,2004,0.0,0.0,0.0
46,Age-specific fertility rate,189,United Republic of Tanzania,2,Female,2,0-6 days,3,Rate,2005,0.0,0.0,0.0
46,Age-specific fertility rate,189,United Republic of Tanzania,2,Female,2,0-6 days,3,Rate,2006,0.0,0.0,0.0
46,Age-specific fertility rate,189,United Republic of Tanzania,2,Female,2,0-6 days,3,Rate,2007,0.0,0.0,0.0
46,Age-specific fertility rate,189,United Republic of Tanzania,2,Female,2,0-6 days,3,Rate,2008,0.0,0.0,0.0
46,Age-specific fertility rate,189,United Republic of Tanzania,2,Female,2,0-6 days,3,Rate,2009,0.0,0.0,0.0
46,Age-specific fertility rate,189,United Republic of Tanzania,2,Female,2,0-6 days,3,Rate,2010,0.0,0.0,0.0
46,Age-specific fertility rate,189,United Republic of Tanzania,2,Female,2,0-6 days,3,Rate,2011,0.0,0.0,0.0
46,Age-specific fertility rate,189,United Republic of Tanzania,2,Female,2,0-6 days,3,Rate,2012,0.0,0.0,0.0
46,Age-specific fertility rate,189,United Republic of Tanzania,2,Female,2,0-6 days,3,Rate,2013,0.0,0.0,0.0
46,Age-specific fertility rate,189,United Republic of Tanzania,2,Female,2,0-6 days,3,Rate,2014,0.0,0.0,0.0
46,Age-specific fertility rate,189,United Republic of Tanzania,2,Female,2,0-6 days,3,Rate,2015,0.0,0.0,0.0
46,Age-specific fertility rate,189,United Republic of Tanzania,2,Female,2,0-6 days,3,Rate,2016,0.0,0.0,0.0
46,Age-specific fertility rate,189,United Republic of Tanzania,2,Female,2,0-6 days,3,Rate,2017,0.0,0.0,0.0
46,Age-specific fertility rate,189,United Republic of Tanzania,2,Female,2,0-6 days,3,Rate,2018,0.0,0.0,0.0
46,Age-specific fertility rate,189,United Republic of Tanzania,2,Female,2,0-6 days,3,Rate,2019,0.0,0.0,0.0
46,Age-specific fertility rate,189,United Republic of Tanzania,2,Female,2,0-6 days,3,Rate,2020,0.0,0.0,0.0
46,Age-specific fertility rate,189,United Republic of Tanzania,2,Female,2,0-6 days,3,Rate,2021,0.0,0.0,0.0
46,Age-specific fertility rate,190,Uganda,2,Female,2,0-6 days,3,Rate,2000,0.0,0.0,0.0
46,Age-specific fertility rate,190,Uganda,2,Female,2,0-6 days,3,Rate,2001,0.0,0.0,0.0
46,Age-specific fertility rate,190,Uganda,2,Female,2,0-6 days,3,Rate,2002,0.0,0.0,0.0
46,Age-specific fertility rate,190,Uganda,2,Female,2,0-6 days,3,Rate,2003,0.0,0.0,0.0
46,Age-specific fertility rate,190,Uganda,2,Female,2,0-6 days,3,Rate,2004,0.0,0.0,0.0
46,Age-specific fertility rate,190,Uganda,2,Female,2,0-6 days,3,Rate,2005,0.0,0.0,0.0
46,Age-specific fertility rate,190,Uganda,2,Female,2,0-6 days,3,Rate,2006,0.0,0.0,0.0
46,Age-specific fertility rate,190,Uganda,2,Female,2,0-6 days,3,Rate,2007,0.0,0.0,0.0
46,Age-specific fertility rate,190,Uganda,2,Female,2,0-6 days,3,Rate,2008,0.0,0.0,0.0
46,Age-specific fertility rate,190,Uganda,2,Female,2,0-6 days,3,Rate,2009,0.0,0.0,0.0
46,Age-specific fertility rate,190,Uganda,2,Female,2,0-6 days,3,Rate,2010,0.0,0.0,0.0
46,Age-specific fertility rate,190,Uganda,2,Female,2,0-6 days,3,Rate,2011,0.0,0.0,0.0
46,Age-specific fertility rate,190,Uganda,2,Female,2,0-6 days,3,Rate,2012,0.0,0.0,0.0
46,Age-specific fertility rate,190,Uganda,2,Female,2,0-6 days,3,Rate,2013,0.0,0.0,0.0
46,Age-specific fertility rate,190,Uganda,2,Female,2,0-6 days,3,Rate,2014,0.0,0.0,0.0
46,Age-specific fertility rate,190,Uganda,2,Female,2,0-6 days,3,Rate,2015,0.0,0.0,0.0
46,Age-specific fertility rate,190,Uganda,2,Female,2,0-6 days,3,Rate,2016,0.0,0.0,0.0
46,Age-specific fertility rate,190,Uganda,2,Female,2,0-6 days,3,Rate,2017,0.0,0.0,0.0
46,Age-specific fertility rate,190,Uganda,2,Female,2,0-6 days,3,Rate,2018,0.0,0.0,0.0
46,Age-specific fertility rate,190,Uganda,2,Female,2,0-6 days,3,Rate,2019,0.0,0.0,0.0
46,Age-specific fertility rate,190,Uganda,2,Female,2,0-6 days,3,Rate,2020,0.0,0.0,0.0
46,Age-specific fertility rate,190,Uganda,2,Female,2,0-6 days,3,Rate,2021,0.0,0.0,0.0
46,Age-specific fertility rate,171,Democratic Republic of the Congo,2,Female,2,0-6 days,3,Rate,2000,0.0,0.0,0.0
46,Age-specific fertility rate,171,Democratic Republic of the Congo,2,Female,2,0-6 days,3,Rate,2001,0.0,0.0,0.0
46,Age-specific fertility rate,171,Democratic Republic of the Congo,2,Female,2,0-6 days,3,Rate,2002,0.0,0.0,0.0
46,Age-specific fertility rate,171,Democratic Republic of the Congo,2,Female,2,0-6 days,3,Rate,2003,0.0,0.0,0.0
46,Age-specific fertility rate,171,Democratic Republic of the Congo,2,Female,2,0-6 days,3,Rate,2004,0.0,0.0,0.0
46,Age-specific fertility rate,171,Democratic Republic of the Congo,2,Female,2,0-6 days,3,Rate,2005,0.0,0.0,0.0
46,Age-specific fertility rate,171,Democratic Republic of the Congo,2,Female,2,0-6 days,3,Rate,2006,0.0,0.0,0.0
46,Age-specific fertility rate,171,Democratic Republic of the Congo,2,Female,2,0-6 days,3,Rate,2007,0.0,0.0,0.0
46,Age-specific fertility rate,171,Democratic Republic of the Congo,2,Female,2,0-6 days,3,Rate,2008,0.0,0.0,0.0
46,Age-specific fertility rate,171,Democratic Republic of the Congo,2,Female,2,0-6 days,3,Rate,2009,0.0,0.0,0.0
46,Age-specific fertility rate,171,Democratic Republic of the Congo,2,Female,2,0-6 days,3,Rate,2010,0.0,0.0,0.0
46,Age-specific fertility rate,171,Democratic Republic of the Congo,2,Female,2,0-6 days,3,Rate,2011,0.0,0.0,0.0
46,Age-specific fertility rate,171,Democratic Republic of the Congo,2,Female,2,0-6 days,3,Rate,2012,0.0,0.0,0.0
46,Age-specific fertility rate,171,Democratic Republic of the Congo,2,Female,2,0-6 days,3,Rate,2013,0.0,0.0,0.0
46,Age-specific fertility rate,171,Democratic Republic of the Congo,2,Female,2,0-6 days,3,Rate,2014,0.0,0.0,0.0
46,Age-specific fertility rate,171,Democratic Republic of the Congo,2,Female,2,0-6 days,3,Rate,2015,0.0,0.0,0.0
46,Age-specific fertility rate,171,Democratic Republic of the Congo,2,Female,2,0-6 days,3,Rate,2016,0.0,0.0,0.0
46,Age-specific fertility rate,171,Democratic Republic of the Congo,2,Female,2,0-6 days,3,Rate,2017,0.0,0.0,0.0
46,Age-specific fertility rate,171,Democratic Republic of the Congo,2,Female,2,0-6 days,3,Rate,2018,0.0,0.0,0.0
46,Age-specific fertility rate,171,Democratic Republic of the Congo,2,Female,2,0-6 days,3,Rate,2019,0.0,0.0,0.0
46,Age-specific fertility rate,171,Democratic Republic of the Congo,2,Female,2,0-6 days,3,Rate,2020,0.0,0.0,0.0
46,Age-specific fertility rate,171,Democratic Republic of the Congo,2,Female,2,0-6 days,3,Rate,2021,0.0,0.0,0.0
46,Age-specific fertility rate,200,Benin,2,Female,2,0-6 days,3,Rate,2000,0.0,0.0,0.0
46,Age-specific fertility rate,200,Benin,2,Female,2,0-6 days,3,Rate,2001,0.0,0.0,0.0
46,Age-specific fertility rate,200,Benin,2,Female,2,0-6 days,3,Rate,2002,0.0,0.0,0.0
46,Age-specific fertility rate,200,Benin,2,Female,2,0-6 days,3,Rate,2003,0.0,0.0,0.0
46,Age-specific fertility rate,200,Benin,2,Female,2,0-6 days,3,Rate,2004,0.0,0.0,0.0
46,Age-specific fertility rate,200,Benin,2,Female,2,0-6 days,3,Rate,2005,0.0,0.0,0.0
46,Age-specific fertility rate,200,Benin,2,Female,2,0-6 days,3,Rate,2006,0.0,0.0,0.0
46,Age-specific fertility rate,200,Benin,2,Female,2,0-6 days,3,Rate,2007,0.0,0.0,0.0
46,Age-specific fertility rate,200,Benin,2,Female,2,0-6 days,3,Rate,2008,0.0,0.0,0.0
46,Age-specific fertility rate,200,Benin,2,Female,2,0-6 days,3,Rate,2009,0.0,0.0,0.0
46,Age-specific fertility rate,200,Benin,2,Female,2,0-6 days,3,Rate,2010,0.0,0.0,0.0
46,Age-specific fertility rate,200,Benin,2,Female,2,0-6 days,3,Rate,2011,0.0,0.0,0.0
46,Age-specific fertility rate,200,Benin,2,Female,2,0-6 days,3,Rate,2012,0.0,0.0,0.0
46,Age-specific fertility rate,200,Benin,2,Female,2,0-6 days,3,Rate,2013,0.0,0.0,0.0
46,Age-specific fertility rate,200,Benin,2,Female,2,0-6 days,3,Rate,2014,0.0,0.0,0.0
46,Age-specific fertility rate,200,Benin,2,Female,2,0-6 days,3,Rate,2015,0.0,0.0,0.0
46,Age-specific fertility rate,200,Benin,2,Female,2,0-6 days,3,Rate,2016,0.0,0.0,0.0
46,Age-specific fertility rate,200,Benin,2,Female,2,0-6 days,3,Rate,2017,0.0,0.0,0.0
46,Age-specific fertility rate,200,Benin,2,Female,2,0-6 days,3,Rate,2018,0.0,0.0,0.0
46,Age-specific fertility rate,200,Benin,2,Female,2,0-6 days,3,Rate,2019,0.0,0.0,0.0
46,Age-specific fertility rate,200,Benin,2,Female,2,0-6 days,3,Rate,2020,0.0,0.0,0.0
46,Age-specific fertility rate,200,Benin,2,Female,2,0-6 days,3,Rate,2021,0.0,0.0,0.0
46,Age-specific fertility rate,201,Burkina Faso,2,Female,2,0-6 days,3,Rate,2000,0.0,0.0,0.0
46,Age-specific fertility rate,201,Burkina Faso,2,Female,2,0-6 days,3,Rate,2001,0.0,0.0,0.0
46,Age-specific fertility rate,201,Burkina Faso,2,Female,2,0-6 days,3,Rate,2002,0.0,0.0,0.0
46,Age-specific fertility rate,201,Burkina Faso,2,Female,2,0-6 days,3,Rate,2003,0.0,0.0,0.0
46,Age-specific fertility rate,201,Burkina Faso,2,Female,2,0-6 days,3,Rate,2004,0.0,0.0,0.0
46,Age-specific fertility rate,201,Burkina Faso,2,Female,2,0-6 days,3,Rate,2005,0.0,0.0,0.0
46,Age-specific fertility rate,201,Burkina Faso,2,Female,2,0-6 days,3,Rate,2006,0.0,0.0,0.0
46,Age-specific fertility rate,201,Burkina Faso,2,Female,2,0-6 days,3,Rate,2007,0.0,0.0,0.0
46,Age-specific fertility rate,201,Burkina Faso,2,Female,2,0-6 days,3,Rate,2008,0.0,0.0,0.0
46,Age-specific fertility rate,201,Burkina Faso,2,Female,2,0-6 days,3,Rate,2009,0.0,0.0,0.0
46,Age-specific fertility rate,201,Burkina Faso,2,Female,2,0-6 days,3,Rate,2010,0.0,0.0,0.0
46,Age-specific fertility rate,201,Burkina Faso,2,Female,2,0-6 days,3,Rate,2011,0.0,0.0,0.0
46,Age-specific fertility rate,201,Burkina Faso,2,Female,2,0-6 days,3,Rate,2012,0.0,0.0,0.0
46,Age-specific fertility rate,201,Burkina Faso,2,Female,2,0-6 days,3,Rate,2013,0.0,0.0,0.0
46,Age-specific fertility rate,201,Burkina Faso,2,Female,2,0-6 days,3,Rate,2014,0.0,0.0,0.0
46,Age-specific fertility rate,201,Burkina Faso,2,Female,2,0-6 days,3,Rate,2015,0.0,0.0,0.0
46,Age-specific fertility rate,201,Burkina Faso,2,Female,2,0-6 days,3,Rate,2016,0.0,0.0,0.0
46,Age-specific fertility rate,201,Burkina Faso,2,Female,2,0-6 days,3,Rate,2017,0.0,0.0,0.0
46,Age-specific fertility rate,201,Burkina Faso,2,Female,2,0-6 days,3,Rate,2018,0.0,0.0,0.0
46,Age-specific fertility rate,201,Burkina Faso,2,Female,2,0-6 days,3,Rate,2019,0.0,0.0,0.0
46,Age-specific fertility rate,201,Burkina Faso,2,Female,2,0-6 days,3,Rate,2020,0.0,0.0,0.0
46,Age-specific fertility rate,201,Burkina Faso,2,Female,2,0-6 days,3,Rate,2021,0.0,0.0,0.0
46,Age-specific fertility rate,191,Zambia,2,Female,2,0-6 days,3,Rate,2000,0.0,0.0,0.0
46,Age-specific fertility rate,191,Zambia,2,Female,2,0-6 days,3,Rate,2001,0.0,0.0,0.0
46,Age-specific fertility rate,191,Zambia,2,Female,2,0-6 days,3,Rate,2002,0.0,0.0,0.0
46,Age-specific fertility rate,191,Zambia,2,Female,2,0-6 days,3,Rate,2003,0.0,0.0,0.0
46,Age-specific fertility rate,191,Zambia,2,Female,2,0-6 days,3,Rate,2004,0.0,0.0,0.0
46,Age-specific fertility rate,191,Zambia,2,Female,2,0-6 days,3,Rate,2005,0.0,0.0,0.0
46,Age-specific fertility rate,191,Zambia,2,Female,2,0-6 days,3,Rate,2006,0.0,0.0,0.0
46,Age-specific fertility rate,191,Zambia,2,Female,2,0-6 days,3,Rate,2007,0.0,0.0,0.0
46,Age-specific fertility rate,191,Zambia,2,Female,2,0-6 days,3,Rate,2008,0.0,0.0,0.0
46,Age-specific fertility rate,191,Zambia,2,Female,2,0-6 days,3,Rate,2009,0.0,0.0,0.0
46,Age-specific fertility rate,191,Zambia,2,Female,2,0-6 days,3,Rate,2010,0.0,0.0,0.0
46,Age-specific fertility rate,191,Zambia,2,Female,2,0-6 days,3,Rate,2011,0.0,0.0,0.0
46,Age-specific fertility rate,191,Zambia,2,Female,2,0-6 days,3,Rate,2012,0.0,0.0,0.0
46,Age-specific fertility rate,191,Zambia,2,Female,2,0-6 days,3,Rate,2013,0.0,0.0,0.0
46,Age-specific fertility rate,191,Zambia,2,Female,2,0-6 days,3,Rate,2014,0.0,0.0,0.0
46,Age-specific fertility rate,191,Zambia,2,Female,2,0-6 days,3,Rate,2015,0.0,0.0,0.0
46,Age-specific fertility rate,191,Zambia,2,Female,2,0-6 days,3,Rate,2016,0.0,0.0,0.0
46,Age-specific fertility rate,191,Zambia,2,Female,2,0-6 days,3,Rate,2017,0.0,0.0,0.0
46,Age-specific fertility rate,191,Zambia,2,Female,2,0-6 days,3,Rate,2018,0.0,0.0,0.0
46,Age-specific fertility rate,191,Zambia,2,Female,2,0-6 days,3,Rate,2019,0.0,0.0,0.0
46,Age-specific fertility rate,191,Zambia,2,Female,2,0-6 days,3,Rate,2020,0.0,0.0,0.0
46,Age-specific fertility rate,191,Zambia,2,Female,2,0-6 days,3,Rate,2021,0.0,0.0,0.0
46,Age-specific fertility rate,193,Botswana,2,Female,2,0-6 days,3,Rate,2000,0.0,0.0,0.0
46,Age-specific fertility rate,193,Botswana,2,Female,2,0-6 days,3,Rate,2001,0.0,0.0,0.0
46,Age-specific fertility rate,193,Botswana,2,Female,2,0-6 days,3,Rate,2002,0.0,0.0,0.0
46,Age-specific fertility rate,193,Botswana,2,Female,2,0-6 days,3,Rate,2003,0.0,0.0,0.0
46,Age-specific fertility rate,193,Botswana,2,Female,2,0-6 days,3,Rate,2004,0.0,0.0,0.0
46,Age-specific fertility rate,193,Botswana,2,Female,2,0-6 days,3,Rate,2005,0.0,0.0,0.0
46,Age-specific fertility rate,193,Botswana,2,Female,2,0-6 days,3,Rate,2006,0.0,0.0,0.0
46,Age-specific fertility rate,193,Botswana,2,Female,2,0-6 days,3,Rate,2007,0.0,0.0,0.0
46,Age-specific fertility rate,193,Botswana,2,Female,2,0-6 days,3,Rate,2008,0.0,0.0,0.0
46,Age-specific fertility rate,193,Botswana,2,Female,2,0-6 days,3,Rate,2009,0.0,0.0,0.0
46,Age-specific fertility rate,193,Botswana,2,Female,2,0-6 days,3,Rate,2010,0.0,0.0,0.0
46,Age-specific fertility rate,193,Botswana,2,Female,2,0-6 days,3,Rate,2011,0.0,0.0,0.0
46,Age-specific fertility rate,193,Botswana,2,Female,2,0-6 days,3,Rate,2012,0.0,0.0,0.0
46,Age-specific fertility rate,193,Botswana,2,Female,2,0-6 days,3,Rate,2013,0.0,0.0,0.0
46,Age-specific fertility rate,193,Botswana,2,Female,2,0-6 days,3,Rate,2014,0.0,0.0,0.0
46,Age-specific fertility rate,193,Botswana,2,Female,2,0-6 days,3,Rate,2015,0.0,0.0,0.0
46,Age-specific fertility rate,193,Botswana,2,Female,2,0-6 days,3,Rate,2016,0.0,0.0,0.0
46,Age-specific fertility rate,193,Botswana,2,Female,2,0-6 days,3,Rate,2017,0.0,0.0,0.0
46,Age-specific fertility rate,193,Botswana,2,Female,2,0-6 days,3,Rate,2018,0.0,0.0,0.0
46,Age-specific fertility rate,193,Botswana,2,Female,2,0-6 days,3,Rate,2019,0.0,0.0,0.0
46,Age-specific fertility rate,193,Botswana,2,Female,2,0-6 days,3,Rate,2020,0.0,0.0,0.0
46,Age-specific fertility rate,193,Botswana,2,Female,2,0-6 days,3,Rate,2021,0.0,0.0,0.0
46,Age-specific fertility rate,172,Equatorial Guinea,2,Female,2,0-6 days,3,Rate,2000,0.0,0.0,0.0
46,Age-specific fertility rate,172,Equatorial Guinea,2,Female,2,0-6 days,3,Rate,2001,0.0,0.0,0.0
46,Age-specific fertility rate,172,Equatorial Guinea,2,Female,2,0-6 days,3,Rate,2002,0.0,0.0,0.0
46,Age-specific fertility rate,172,Equatorial Guinea,2,Female,2,0-6 days,3,Rate,2003,0.0,0.0,0.0
46,Age-specific fertility rate,172,Equatorial Guinea,2,Female,2,0-6 days,3,Rate,2004,0.0,0.0,0.0
46,Age-specific fertility rate,172,Equatorial Guinea,2,Female,2,0-6 days,3,Rate,2005,0.0,0.0,0.0
46,Age-specific fertility rate,172,Equatorial Guinea,2,Female,2,0-6 days,3,Rate,2006,0.0,0.0,0.0
46,Age-specific fertility rate,172,Equatorial Guinea,2,Female,2,0-6 days,3,Rate,2007,0.0,0.0,0.0
46,Age-specific fertility rate,172,Equatorial Guinea,2,Female,2,0-6 days,3,Rate,2008,0.0,0.0,0.0
46,Age-specific fertility rate,172,Equatorial Guinea,2,Female,2,0-6 days,3,Rate,2009,0.0,0.0,0.0
46,Age-specific fertility rate,172,Equatorial Guinea,2,Female,2,0-6 days,3,Rate,2010,0.0,0.0,0.0
46,Age-specific fertility rate,172,Equatorial Guinea,2,Female,2,0-6 days,3,Rate,2011,0.0,0.0,0.0
46,Age-specific fertility rate,172,Equatorial Guinea,2,Female,2,0-6 days,3,Rate,2012,0.0,0.0,0.0
46,Age-specific fertility rate,172,Equatorial Guinea,2,Female,2,0-6 days,3,Rate,2013,0.0,0.0,0.0
46,Age-specific fertility rate,172,Equatorial Guinea,2,Female,2,0-6 days,3,Rate,2014,0.0,0.0,0.0
46,Age-specific fertility rate,172,Equatorial Guinea,2,Female,2,0-6 days,3,Rate,2015,0.0,0.0,0.0
46,Age-specific fertility rate,172,Equatorial Guinea,2,Female,2,0-6 days,3,Rate,2016,0.0,0.0,0.0
46,Age-specific fertility rate,172,Equatorial Guinea,2,Female,2,0-6 days,3,Rate,2017,0.0,0.0,0.0
46,Age-specific fertility rate,172,Equatorial Guinea,2,Female,2,0-6 days,3,Rate,2018,0.0,0.0,0.0
46,Age-specific fertility rate,172,Equatorial Guinea,2,Female,2,0-6 days,3,Rate,2019,0.0,0.0,0.0
46,Age-specific fertility rate,172,Equatorial Guinea,2,Female,2,0-6 days,3,Rate,2020,0.0,0.0,0.0
46,Age-specific fertility rate,172,Equatorial Guinea,2,Female,2,0-6 days,3,Rate,2021,0.0,0.0,0.0
46,Age-specific fertility rate,182,Malawi,2,Female,2,0-6 days,3,Rate,2000,0.0,0.0,0.0
46,Age-specific fertility rate,182,Malawi,2,Female,2,0-6 days,3,Rate,2001,0.0,0.0,0.0
46,Age-specific fertility rate,182,Malawi,2,Female,2,0-6 days,3,Rate,2002,0.0,0.0,0.0
46,Age-specific fertility rate,182,Malawi,2,Female,2,0-6 days,3,Rate,2003,0.0,0.0,0.0
46,Age-specific fertility rate,182,Malawi,2,Female,2,0-6 days,3,Rate,2004,0.0,0.0,0.0
46,Age-specific fertility rate,182,Malawi,2,Female,2,0-6 days,3,Rate,2005,0.0,0.0,0.0
46,Age-specific fertility rate,182,Malawi,2,Female,2,0-6 days,3,Rate,2006,0.0,0.0,0.0
46,Age-specific fertility rate,182,Malawi,2,Female,2,0-6 days,3,Rate,2007,0.0,0.0,0.0
46,Age-specific fertility rate,182,Malawi,2,Female,2,0-6 days,3,Rate,2008,0.0,0.0,0.0
46,Age-specific fertility rate,182,Malawi,2,Female,2,0-6 days,3,Rate,2009,0.0,0.0,0.0
46,Age-specific fertility rate,182,Malawi,2,Female,2,0-6 days,3,Rate,2010,0.0,0.0,0.0
46,Age-specific fertility rate,182,Malawi,2,Female,2,0-6 days,3,Rate,2011,0.0,0.0,0.0
46,Age-specific fertility rate,182,Malawi,2,Female,2,0-6 days,3,Rate,2012,0.0,0.0,0.0
46,Age-specific fertility rate,182,Malawi,2,Female,2,0-6 days,3,Rate,2013,0.0,0.0,0.0
46,Age-specific fertility rate,182,Malawi,2,Female,2,0-6 days,3,Rate,2014,0.0,0.0,0.0
46,Age-specific fertility rate,182,Malawi,2,Female,2,0-6 days,3,Rate,2015,0.0,0.0,0.0
46,Age-specific fertility rate,182,Malawi,2,Female,2,0-6 days,3,Rate,2016,0.0,0.0,0.0
46,Age-specific fertility rate,182,Malawi,2,Female,2,0-6 days,3,Rate,2017,0.0,0.0,0.0
46,Age-specific fertility rate,182,Malawi,2,Female,2,0-6 days,3,Rate,2018,0.0,0.0,0.0
46,Age-specific fertility rate,182,Malawi,2,Female,2,0-6 days,3,Rate,2019,0.0,0.0,0.0
46,Age-specific fertility rate,182,Malawi,2,Female,2,0-6 days,3,Rate,2020,0.0,0.0,0.0
46,Age-specific fertility rate,182,Malawi,2,Female,2,0-6 days,3,Rate,2021,0.0,0.0,0.0
46,Age-specific fertility rate,210,Liberia,2,Female,2,0-6 days,3,Rate,2000,0.0,0.0,0.0
46,Age-specific fertility rate,210,Liberia,2,Female,2,0-6 days,3,Rate,2001,0.0,0.0,0.0
46,Age-specific fertility rate,210,Liberia,2,Female,2,0-6 days,3,Rate,2002,0.0,0.0,0.0
46,Age-specific fertility rate,210,Liberia,2,Female,2,0-6 days,3,Rate,2003,0.0,0.0,0.0
46,Age-specific fertility rate,210,Liberia,2,Female,2,0-6 days,3,Rate,2004,0.0,0.0,0.0
46,Age-specific fertility rate,210,Liberia,2,Female,2,0-6 days,3,Rate,2005,0.0,0.0,0.0
46,Age-specific fertility rate,210,Liberia,2,Female,2,0-6 days,3,Rate,2006,0.0,0.0,0.0
46,Age-specific fertility rate,210,Liberia,2,Female,2,0-6 days,3,Rate,2007,0.0,0.0,0.0
46,Age-specific fertility rate,210,Liberia,2,Female,2,0-6 days,3,Rate,2008,0.0,0.0,0.0
46,Age-specific fertility rate,210,Liberia,2,Female,2,0-6 days,3,Rate,2009,0.0,0.0,0.0
46,Age-specific fertility rate,210,Liberia,2,Female,2,0-6 days,3,Rate,2010,0.0,0.0,0.0
46,Age-specific fertility rate,210,Liberia,2,Female,2,0-6 days,3,Rate,2011,0.0,0.0,0.0
46,Age-specific fertility rate,210,Liberia,2,Female,2,0-6 days,3,Rate,2012,0.0,0.0,0.0
46,Age-specific fertility rate,210,Liberia,2,Female,2,0-6 days,3,Rate,2013,0.0,0.0,0.0
46,Age-specific fertility rate,210,Liberia,2,Female,2,0-6 days,3,Rate,2014,0.0,0.0,0.0
46,Age-specific fertility rate,210,Liberia,2,Female,2,0-6 days,3,Rate,2015,0.0,0.0,0.0
46,Age-specific fertility rate,210,Liberia,2,Female,2,0-6 days,3,Rate,2016,0.0,0.0,0.0
46,Age-specific fertility rate,210,Liberia,2,Female,2,0-6 days,3,Rate,2017,0.0,0.0,0.0
46,Age-specific fertility rate,210,Liberia,2,Female,2,0-6 days,3,Rate,2018,0.0,0.0,0.0
46,Age-specific fertility rate,210,Liberia,2,Female,2,0-6 days,3,Rate,2019,0.0,0.0,0.0
46,Age-specific fertility rate,210,Liberia,2,Female,2,0-6 days,3,Rate,2020,0.0,0.0,0.0
46,Age-specific fertility rate,210,Liberia,2,Female,2,0-6 days,3,Rate,2021,0.0,0.0,0.0
46,Age-specific fertility rate,211,Mali,2,Female,2,0-6 days,3,Rate,2000,0.0,0.0,0.0
46,Age-specific fertility rate,211,Mali,2,Female,2,0-6 days,3,Rate,2001,0.0,0.0,0.0
46,Age-specific fertility rate,211,Mali,2,Female,2,0-6 days,3,Rate,2002,0.0,0.0,0.0
46,Age-specific fertility rate,211,Mali,2,Female,2,0-6 days,3,Rate,2003,0.0,0.0,0.0
46,Age-specific fertility rate,211,Mali,2,Female,2,0-6 days,3,Rate,2004,0.0,0.0,0.0
46,Age-specific fertility rate,211,Mali,2,Female,2,0-6 days,3,Rate,2005,0.0,0.0,0.0
46,Age-specific fertility rate,211,Mali,2,Female,2,0-6 days,3,Rate,2006,0.0,0.0,0.0
46,Age-specific fertility rate,211,Mali,2,Female,2,0-6 days,3,Rate,2007,0.0,0.0,0.0
46,Age-specific fertility rate,211,Mali,2,Female,2,0-6 days,3,Rate,2008,0.0,0.0,0.0
46,Age-specific fertility rate,211,Mali,2,Female,2,0-6 days,3,Rate,2009,0.0,0.0,0.0
46,Age-specific fertility rate,211,Mali,2,Female,2,0-6 days,3,Rate,2010,0.0,0.0,0.0
46,Age-specific fertility rate,211,Mali,2,Female,2,0-6 days,3,Rate,2011,0.0,0.0,0.0
46,Age-specific fertility rate,211,Mali,2,Female,2,0-6 days,3,Rate,2012,0.0,0.0,0.0
46,Age-specific fertility rate,211,Mali,2,Female,2,0-6 days,3,Rate,2013,0.0,0.0,0.0
46,Age-specific fertility rate,211,Mali,2,Female,2,0-6 days,3,Rate,2014,0.0,0.0,0.0
46,Age-specific fertility rate,211,Mali,2,Female,2,0-6 days,3,Rate,2015,0.0,0.0,0.0
46,Age-specific fertility rate,211,Mali,2,Female,2,0-6 days,3,Rate,2016,0.0,0.0,0.0
46,Age-specific fertility rate,211,Mali,2,Female,2,0-6 days,3,Rate,2017,0.0,0.0,0.0
46,Age-specific fertility rate,211,Mali,2,Female,2,0-6 days,3,Rate,2018,0.0,0.0,0.0
46,Age-specific fertility rate,211,Mali,2,Female,2,0-6 days,3,Rate,2019,0.0,0.0,0.0
46,Age-specific fertility rate,211,Mali,2,Female,2,0-6 days,3,Rate,2020,0.0,0.0,0.0
46,Age-specific fertility rate,211,Mali,2,Female,2,0-6 days,3,Rate,2021,0.0,0.0,0.0
46,Age-specific fertility rate,202,Cameroon,2,Female,2,0-6 days,3,Rate,2000,0.0,0.0,0.0
46,Age-specific fertility rate,202,Cameroon,2,Female,2,0-6 days,3,Rate,2001,0.0,0.0,0.0
46,Age-specific fertility rate,202,Cameroon,2,Female,2,0-6 days,3,Rate,2002,0.0,0.0,0.0
46,Age-specific fertility rate,202,Cameroon,2,Female,2,0-6 days,3,Rate,2003,0.0,0.0,0.0
46,Age-specific fertility rate,202,Cameroon,2,Female,2,0-6 days,3,Rate,2004,0.0,0.0,0.0
46,Age-specific fertility rate,202,Cameroon,2,Female,2,0-6 days,3,Rate,2005,0.0,0.0,0.0
46,Age-specific fertility rate,202,Cameroon,2,Female,2,0-6 days,3,Rate,2006,0.0,0.0,0.0
46,Age-specific fertility rate,202,Cameroon,2,Female,2,0-6 days,3,Rate,2007,0.0,0.0,0.0
46,Age-specific fertility rate,202,Cameroon,2,Female,2,0-6 days,3,Rate,2008,0.0,0.0,0.0
46,Age-specific fertility rate,202,Cameroon,2,Female,2,0-6 days,3,Rate,2009,0.0,0.0,0.0
46,Age-specific fertility rate,202,Cameroon,2,Female,2,0-6 days,3,Rate,2010,0.0,0.0,0.0
46,Age-specific fertility rate,202,Cameroon,2,Female,2,0-6 days,3,Rate,2011,0.0,0.0,0.0
46,Age-specific fertility rate,202,Cameroon,2,Female,2,0-6 days,3,Rate,2012,0.0,0.0,0.0
46,Age-specific fertility rate,202,Cameroon,2,Female,2,0-6 days,3,Rate,2013,0.0,0.0,0.0
46,Age-specific fertility rate,202,Cameroon,2,Female,2,0-6 days,3,Rate,2014,0.0,0.0,0.0
46,Age-specific fertility rate,202,Cameroon,2,Female,2,0-6 days,3,Rate,2015,0.0,0.0,0.0
46,Age-specific fertility rate,202,Cameroon,2,Female,2,0-6 days,3,Rate,2016,0.0,0.0,0.0
46,Age-specific fertility rate,202,Cameroon,2,Female,2,0-6 days,3,Rate,2017,0.0,0.0,0.0
46,Age-specific fertility rate,202,Cameroon,2,Female,2,0-6 days,3,Rate,2018,0.0,0.0,0.0
46,Age-specific fertility rate,202,Cameroon,2,Female,2,0-6 days,3,Rate,2019,0.0,0.0,0.0
46,Age-specific fertility rate,202,Cameroon,2,Female,2,0-6 days,3,Rate,2020,0.0,0.0,0.0
46,Age-specific fertility rate,202,Cameroon,2,Female,2,0-6 days,3,Rate,2021,0.0,0.0,0.0
46,Age-specific fertility rate,203,Cabo Verde,2,Female,2,0-6 days,3,Rate,2000,0.0,0.0,0.0
46,Age-specific fertility rate,203,Cabo Verde,2,Female,2,0-6 days,3,Rate,2001,0.0,0.0,0.0
46,Age-specific fertility rate,203,Cabo Verde,2,Female,2,0-6 days,3,Rate,2002,0.0,0.0,0.0
46,Age-specific fertility rate,203,Cabo Verde,2,Female,2,0-6 days,3,Rate,2003,0.0,0.0,0.0
46,Age-specific fertility rate,203,Cabo Verde,2,Female,2,0-6 days,3,Rate,2004,0.0,0.0,0.0
46,Age-specific fertility rate,203,Cabo Verde,2,Female,2,0-6 days,3,Rate,2005,0.0,0.0,0.0
46,Age-specific fertility rate,203,Cabo Verde,2,Female,2,0-6 days,3,Rate,2006,0.0,0.0,0.0
46,Age-specific fertility rate,203,Cabo Verde,2,Female,2,0-6 days,3,Rate,2007,0.0,0.0,0.0
46,Age-specific fertility rate,203,Cabo Verde,2,Female,2,0-6 days,3,Rate,2008,0.0,0.0,0.0
46,Age-specific fertility rate,203,Cabo Verde,2,Female,2,0-6 days,3,Rate,2009,0.0,0.0,0.0
46,Age-specific fertility rate,203,Cabo Verde,2,Female,2,0-6 days,3,Rate,2010,0.0,0.0,0.0
46,Age-specific fertility rate,203,Cabo Verde,2,Female,2,0-6 days,3,Rate,2011,0.0,0.0,0.0
46,Age-specific fertility rate,203,Cabo Verde,2,Female,2,0-6 days,3,Rate,2012,0.0,0.0,0.0
46,Age-specific fertility rate,203,Cabo Verde,2,Female,2,0-6 days,3,Rate,2013,0.0,0.0,0.0
46,Age-specific fertility rate,203,Cabo Verde,2,Female,2,0-6 days,3,Rate,2014,0.0,0.0,0.0
46,Age-specific fertility rate,203,Cabo Verde,2,Female,2,0-6 days,3,Rate,2015,0.0,0.0,0.0
46,Age-specific fertility rate,203,Cabo Verde,2,Female,2,0-6 days,3,Rate,2016,0.0,0.0,0.0
46,Age-specific fertility rate,203,Cabo Verde,2,Female,2,0-6 days,3,Rate,2017,0.0,0.0,0.0
46,Age-specific fertility rate,203,Cabo Verde,2,Female,2,0-6 days,3,Rate,2018,0.0,0.0,0.0
46,Age-specific fertility rate,203,Cabo Verde,2,Female,2,0-6 days,3,Rate,2019,0.0,0.0,0.0
46,Age-specific fertility rate,203,Cabo Verde,2,Female,2,0-6 days,3,Rate,2020,0.0,0.0,0.0
46,Age-specific fertility rate,203,Cabo Verde,2,Female,2,0-6 days,3,Rate,2021,0.0,0.0,0.0
46,Age-specific fertility rate,212,Mauritania,2,Female,2,0-6 days,3,Rate,2000,0.0,0.0,0.0
46,Age-specific fertility rate,212,Mauritania,2,Female,2,0-6 days,3,Rate,2001,0.0,0.0,0.0
46,Age-specific fertility rate,212,Mauritania,2,Female,2,0-6 days,3,Rate,2002,0.0,0.0,0.0
46,Age-specific fertility rate,212,Mauritania,2,Female,2,0-6 days,3,Rate,2003,0.0,0.0,0.0
46,Age-specific fertility rate,212,Mauritania,2,Female,2,0-6 days,3,Rate,2004,0.0,0.0,0.0
46,Age-specific fertility rate,212,Mauritania,2,Female,2,0-6 days,3,Rate,2005,0.0,0.0,0.0
46,Age-specific fertility rate,212,Mauritania,2,Female,2,0-6 days,3,Rate,2006,0.0,0.0,0.0
46,Age-specific fertility rate,212,Mauritania,2,Female,2,0-6 days,3,Rate,2007,0.0,0.0,0.0
46,Age-specific fertility rate,212,Mauritania,2,Female,2,0-6 days,3,Rate,2008,0.0,0.0,0.0
46,Age-specific fertility rate,212,Mauritania,2,Female,2,0-6 days,3,Rate,2009,0.0,0.0,0.0
46,Age-specific fertility rate,212,Mauritania,2,Female,2,0-6 days,3,Rate,2010,0.0,0.0,0.0
46,Age-specific fertility rate,212,Mauritania,2,Female,2,0-6 days,3,Rate,2011,0.0,0.0,0.0
46,Age-specific fertility rate,212,Mauritania,2,Female,2,0-6 days,3,Rate,2012,0.0,0.0,0.0
46,Age-specific fertility rate,212,Mauritania,2,Female,2,0-6 days,3,Rate,2013,0.0,0.0,0.0
46,Age-specific fertility rate,212,Mauritania,2,Female,2,0-6 days,3,Rate,2014,0.0,0.0,0.0
46,Age-specific fertility rate,212,Mauritania,2,Female,2,0-6 days,3,Rate,2015,0.0,0.0,0.0
46,Age-specific fertility rate,212,Mauritania,2,Female,2,0-6 days,3,Rate,2016,0.0,0.0,0.0
46,Age-specific fertility rate,212,Mauritania,2,Female,2,0-6 days,3,Rate,2017,0.0,0.0,0.0
46,Age-specific fertility rate,212,Mauritania,2,Female,2,0-6 days,3,Rate,2018,0.0,0.0,0.0
46,Age-specific fertility rate,212,Mauritania,2,Female,2,0-6 days,3,Rate,2019,0.0,0.0,0.0
46,Age-specific fertility rate,212,Mauritania,2,Female,2,0-6 days,3,Rate,2020,0.0,0.0,0.0
46,Age-specific fertility rate,212,Mauritania,2,Female,2,0-6 days,3,Rate,2021,0.0,0.0,0.0
46,Age-specific fertility rate,213,Niger,2,Female,2,0-6 days,3,Rate,2000,0.0,0.0,0.0
46,Age-specific fertility rate,213,Niger,2,Female,2,0-6 days,3,Rate,2001,0.0,0.0,0.0
46,Age-specific fertility rate,213,Niger,2,Female,2,0-6 days,3,Rate,2002,0.0,0.0,0.0
46,Age-specific fertility rate,213,Niger,2,Female,2,0-6 days,3,Rate,2003,0.0,0.0,0.0
46,Age-specific fertility rate,213,Niger,2,Female,2,0-6 days,3,Rate,2004,0.0,0.0,0.0
46,Age-specific fertility rate,213,Niger,2,Female,2,0-6 days,3,Rate,2005,0.0,0.0,0.0
46,Age-specific fertility rate,213,Niger,2,Female,2,0-6 days,3,Rate,2006,0.0,0.0,0.0
46,Age-specific fertility rate,213,Niger,2,Female,2,0-6 days,3,Rate,2007,0.0,0.0,0.0
46,Age-specific fertility rate,213,Niger,2,Female,2,0-6 days,3,Rate,2008,0.0,0.0,0.0
46,Age-specific fertility rate,213,Niger,2,Female,2,0-6 days,3,Rate,2009,0.0,0.0,0.0
46,Age-specific fertility rate,213,Niger,2,Female,2,0-6 days,3,Rate,2010,0.0,0.0,0.0
46,Age-specific fertility rate,213,Niger,2,Female,2,0-6 days,3,Rate,2011,0.0,0.0,0.0
46,Age-specific fertility rate,213,Niger,2,Female,2,0-6 days,3,Rate,2012,0.0,0.0,0.0
46,Age-specific fertility rate,213,Niger,2,Female,2,0-6 days,3,Rate,2013,0.0,0.0,0.0
46,Age-specific fertility rate,213,Niger,2,Female,2,0-6 days,3,Rate,2014,0.0,0.0,0.0
46,Age-specific fertility rate,213,Niger,2,Female,2,0-6 days,3,Rate,2015,0.0,0.0,0.0
46,Age-specific fertility rate,213,Niger,2,Female,2,0-6 days,3,Rate,2016,0.0,0.0,0.0
46,Age-specific fertility rate,213,Niger,2,Female,2,0-6 days,3,Rate,2017,0.0,0.0,0.0
46,Age-specific fertility rate,213,Niger,2,Female,2,0-6 days,3,Rate,2018,0.0,0.0,0.0
46,Age-specific fertility rate,213,Niger,2,Female,2,0-6 days,3,Rate,2019,0.0,0.0,0.0
46,Age-specific fertility rate,213,Niger,2,Female,2,0-6 days,3,Rate,2020,0.0,0.0,0.0
46,Age-specific fertility rate,213,Niger,2,Female,2,0-6 days,3,Rate,2021,0.0,0.0,0.0
46,Age-specific fertility rate,214,Nigeria,2,Female,2,0-6 days,3,Rate,2000,0.0,0.0,0.0
46,Age-specific fertility rate,214,Nigeria,2,Female,2,0-6 days,3,Rate,2001,0.0,0.0,0.0
46,Age-specific fertility rate,214,Nigeria,2,Female,2,0-6 days,3,Rate,2002,0.0,0.0,0.0
46,Age-specific fertility rate,214,Nigeria,2,Female,2,0-6 days,3,Rate,2003,0.0,0.0,0.0
46,Age-specific fertility rate,194,Lesotho,2,Female,2,0-6 days,3,Rate,2000,0.0,0.0,0.0
46,Age-specific fertility rate,194,Lesotho,2,Female,2,0-6 days,3,Rate,2001,0.0,0.0,0.0
46,Age-specific fertility rate,194,Lesotho,2,Female,2,0-6 days,3,Rate,2002,0.0,0.0,0.0
46,Age-specific fertility rate,194,Lesotho,2,Female,2,0-6 days,3,Rate,2003,0.0,0.0,0.0
46,Age-specific fertility rate,194,Lesotho,2,Female,2,0-6 days,3,Rate,2004,0.0,0.0,0.0
46,Age-specific fertility rate,194,Lesotho,2,Female,2,0-6 days,3,Rate,2005,0.0,0.0,0.0
46,Age-specific fertility rate,194,Lesotho,2,Female,2,0-6 days,3,Rate,2006,0.0,0.0,0.0
46,Age-specific fertility rate,194,Lesotho,2,Female,2,0-6 days,3,Rate,2007,0.0,0.0,0.0
46,Age-specific fertility rate,194,Lesotho,2,Female,2,0-6 days,3,Rate,2008,0.0,0.0,0.0
46,Age-specific fertility rate,194,Lesotho,2,Female,2,0-6 days,3,Rate,2009,0.0,0.0,0.0
46,Age-specific fertility rate,194,Lesotho,2,Female,2,0-6 days,3,Rate,2010,0.0,0.0,0.0
46,Age-specific fertility rate,194,Lesotho,2,Female,2,0-6 days,3,Rate,2011,0.0,0.0,0.0
46,Age-specific fertility rate,194,Lesotho,2,Female,2,0-6 days,3,Rate,2012,0.0,0.0,0.0
46,Age-specific fertility rate,194,Lesotho,2,Female,2,0-6 days,3,Rate,2013,0.0,0.0,0.0
46,Age-specific fertility rate,194,Lesotho,2,Female,2,0-6 days,3,Rate,2014,0.0,0.0,0.0
46,Age-specific fertility rate,194,Lesotho,2,Female,2,0-6 days,3,Rate,2015,0.0,0.0,0.0
46,Age-specific fertility rate,194,Lesotho,2,Female,2,0-6 days,3,Rate,2016,0.0,0.0,0.0
46,Age-specific fertility rate,194,Lesotho,2,Female,2,0-6 days,3,Rate,2017,0.0,0.0,0.0
46,Age-specific fertility rate,194,Lesotho,2,Female,2,0-6 days,3,Rate,2018,0.0,0.0,0.0
46,Age-specific fertility rate,194,Lesotho,2,Female,2,0-6 days,3,Rate,2019,0.0,0.0,0.0
46,Age-specific fertility rate,194,Lesotho,2,Female,2,0-6 days,3,Rate,2020,0.0,0.0,0.0
46,Age-specific fertility rate,194,Lesotho,2,Female,2,0-6 days,3,Rate,2021,0.0,0.0,0.0
46,Age-specific fertility rate,195,Namibia,2,Female,2,0-6 days,3,Rate,2000,0.0,0.0,0.0
46,Age-specific fertility rate,195,Namibia,2,Female,2,0-6 days,3,Rate,2001,0.0,0.0,0.0
46,Age-specific fertility rate,195,Namibia,2,Female,2,0-6 days,3,Rate,2002,0.0,0.0,0.0
46,Age-specific fertility rate,195,Namibia,2,Female,2,0-6 days,3,Rate,2003,0.0,0.0,0.0
46,Age-specific fertility rate,195,Namibia,2,Female,2,0-6 days,3,Rate,2004,0.0,0.0,0.0
46,Age-specific fertility rate,195,Namibia,2,Female,2,0-6 days,3,Rate,2005,0.0,0.0,0.0
46,Age-specific fertility rate,195,Namibia,2,Female,2,0-6 days,3,Rate,2006,0.0,0.0,0.0
46,Age-specific fertility rate,195,Namibia,2,Female,2,0-6 days,3,Rate,2007,0.0,0.0,0.0
46,Age-specific fertility rate,195,Namibia,2,Female,2,0-6 days,3,Rate,2008,0.0,0.0,0.0
46,Age-specific fertility rate,195,Namibia,2,Female,2,0-6 days,3,Rate,2009,0.0,0.0,0.0
46,Age-specific fertility rate,195,Namibia,2,Female,2,0-6 days,3,Rate,2010,0.0,0.0,0.0
46,Age-specific fertility rate,195,Namibia,2,Female,2,0-6 days,3,Rate,2011,0.0,0.0,0.0
46,Age-specific fertility rate,195,Namibia,2,Female,2,0-6 days,3,Rate,2012,0.0,0.0,0.0
46,Age-specific fertility rate,195,Namibia,2,Female,2,0-6 days,3,Rate,2013,0.0,0.0,0.0
46,Age-specific fertility rate,195,Namibia,2,Female,2,0-6 days,3,Rate,2014,0.0,0.0,0.0
46,Age-specific fertility rate,195,Namibia,2,Female,2,0-6 days,3,Rate,2015,0.0,0.0,0.0
46,Age-specific fertility rate,195,Namibia,2,Female,2,0-6 days,3,Rate,2016,0.0,0.0,0.0
46,Age-specific fertility rate,195,Namibia,2,Female,2,0-6 days,3,Rate,2017,0.0,0.0,0.0
46,Age-specific fertility rate,195,Namibia,2,Female,2,0-6 days,3,Rate,2018,0.0,0.0,0.0
46,Age-specific fertility rate,195,Namibia,2,Female,2,0-6 days,3,Rate,2019,0.0,0.0,0.0
46,Age-specific fertility rate,195,Namibia,2,Female,2,0-6 days,3,Rate,2020,0.0,0.0,0.0
46,Age-specific fertility rate,195,Namibia,2,Female,2,0-6 days,3,Rate,2021,0.0,0.0,0.0
46,Age-specific fertility rate,204,Chad,2,Female,2,0-6 days,3,Rate,2000,0.0,0.0,0.0
46,Age-specific fertility rate,204,Chad,2,Female,2,0-6 days,3,Rate,2001,0.0,0.0,0.0
46,Age-specific fertility rate,204,Chad,2,Female,2,0-6 days,3,Rate,2002,0.0,0.0,0.0
46,Age-specific fertility rate,204,Chad,2,Female,2,0-6 days,3,Rate,2003,0.0,0.0,0.0
46,Age-specific fertility rate,204,Chad,2,Female,2,0-6 days,3,Rate,2004,0.0,0.0,0.0
46,Age-specific fertility rate,204,Chad,2,Female,2,0-6 days,3,Rate,2005,0.0,0.0,0.0
46,Age-specific fertility rate,204,Chad,2,Female,2,0-6 days,3,Rate,2006,0.0,0.0,0.0
46,Age-specific fertility rate,204,Chad,2,Female,2,0-6 days,3,Rate,2007,0.0,0.0,0.0
46,Age-specific fertility rate,204,Chad,2,Female,2,0-6 days,3,Rate,2008,0.0,0.0,0.0
46,Age-specific fertility rate,204,Chad,2,Female,2,0-6 days,3,Rate,2009,0.0,0.0,0.0
46,Age-specific fertility rate,204,Chad,2,Female,2,0-6 days,3,Rate,2010,0.0,0.0,0.0
46,Age-specific fertility rate,204,Chad,2,Female,2,0-6 days,3,Rate,2011,0.0,0.0,0.0
46,Age-specific fertility rate,204,Chad,2,Female,2,0-6 days,3,Rate,2012,0.0,0.0,0.0
46,Age-specific fertility rate,204,Chad,2,Female,2,0-6 days,3,Rate,2013,0.0,0.0,0.0
46,Age-specific fertility rate,204,Chad,2,Female,2,0-6 days,3,Rate,2014,0.0,0.0,0.0
46,Age-specific fertility rate,204,Chad,2,Female,2,0-6 days,3,Rate,2015,0.0,0.0,0.0
46,Age-specific fertility rate,204,Chad,2,Female,2,0-6 days,3,Rate,2016,0.0,0.0,0.0
46,Age-specific fertility rate,204,Chad,2,Female,2,0-6 days,3,Rate,2017,0.0,0.0,0.0
46,Age-specific fertility rate,204,Chad,2,Female,2,0-6 days,3,Rate,2018,0.0,0.0,0.0
46,Age-specific fertility rate,204,Chad,2,Female,2,0-6 days,3,Rate,2019,0.0,0.0,0.0
46,Age-specific fertility rate,204,Chad,2,Female,2,0-6 days,3,Rate,2020,0.0,0.0,0.0
46,Age-specific fertility rate,204,Chad,2,Female,2,0-6 days,3,Rate,2021,0.0,0.0,0.0
46,Age-specific fertility rate,214,Nigeria,2,Female,2,0-6 days,3,Rate,2004,0.0,0.0,0.0
46,Age-specific fertility rate,214,Nigeria,2,Female,2,0-6 days,3,Rate,2005,0.0,0.0,0.0
46,Age-specific fertility rate,214,Nigeria,2,Female,2,0-6 days,3,Rate,2006,0.0,0.0,0.0
46,Age-specific fertility rate,214,Nigeria,2,Female,2,0-6 days,3,Rate,2007,0.0,0.0,0.0
46,Age-specific fertility rate,214,Nigeria,2,Female,2,0-6 days,3,Rate,2008,0.0,0.0,0.0
46,Age-specific fertility rate,214,Nigeria,2,Female,2,0-6 days,3,Rate,2009,0.0,0.0,0.0
46,Age-specific fertility rate,214,Nigeria,2,Female,2,0-6 days,3,Rate,2010,0.0,0.0,0.0
46,Age-specific fertility rate,214,Nigeria,2,Female,2,0-6 days,3,Rate,2011,0.0,0.0,0.0
46,Age-specific fertility rate,214,Nigeria,2,Female,2,0-6 days,3,Rate,2012,0.0,0.0,0.0
46,Age-specific fertility rate,214,Nigeria,2,Female,2,0-6 days,3,Rate,2013,0.0,0.0,0.0
46,Age-specific fertility rate,214,Nigeria,2,Female,2,0-6 days,3,Rate,2014,0.0,0.0,0.0
46,Age-specific fertility rate,214,Nigeria,2,Female,2,0-6 days,3,Rate,2015,0.0,0.0,0.0
46,Age-specific fertility rate,214,Nigeria,2,Female,2,0-6 days,3,Rate,2016,0.0,0.0,0.0
46,Age-specific fertility rate,214,Nigeria,2,Female,2,0-6 days,3,Rate,2017,0.0,0.0,0.0
46,Age-specific fertility rate,214,Nigeria,2,Female,2,0-6 days,3,Rate,2018,0.0,0.0,0.0
46,Age-specific fertility rate,214,Nigeria,2,Female,2,0-6 days,3,Rate,2019,0.0,0.0,0.0
46,Age-specific fertility rate,214,Nigeria,2,Female,2,0-6 days,3,Rate,2020,0.0,0.0,0.0
46,Age-specific fertility rate,214,Nigeria,2,Female,2,0-6 days,3,Rate,2021,0.0,0.0,0.0
46,Age-specific fertility rate,173,Gabon,2,Female,2,0-6 days,3,Rate,2000,0.0,0.0,0.0
46,Age-specific fertility rate,173,Gabon,2,Female,2,0-6 days,3,Rate,2001,0.0,0.0,0.0
46,Age-specific fertility rate,173,Gabon,2,Female,2,0-6 days,3,Rate,2002,0.0,0.0,0.0
46,Age-specific fertility rate,173,Gabon,2,Female,2,0-6 days,3,Rate,2003,0.0,0.0,0.0
46,Age-specific fertility rate,173,Gabon,2,Female,2,0-6 days,3,Rate,2004,0.0,0.0,0.0
46,Age-specific fertility rate,173,Gabon,2,Female,2,0-6 days,3,Rate,2005,0.0,0.0,0.0
46,Age-specific fertility rate,173,Gabon,2,Female,2,0-6 days,3,Rate,2006,0.0,0.0,0.0
46,Age-specific fertility rate,173,Gabon,2,Female,2,0-6 days,3,Rate,2007,0.0,0.0,0.0
46,Age-specific fertility rate,173,Gabon,2,Female,2,0-6 days,3,Rate,2008,0.0,0.0,0.0
46,Age-specific fertility rate,173,Gabon,2,Female,2,0-6 days,3,Rate,2009,0.0,0.0,0.0
46,Age-specific fertility rate,173,Gabon,2,Female,2,0-6 days,3,Rate,2010,0.0,0.0,0.0
46,Age-specific fertility rate,173,Gabon,2,Female,2,0-6 days,3,Rate,2011,0.0,0.0,0.0
46,Age-specific fertility rate,173,Gabon,2,Female,2,0-6 days,3,Rate,2012,0.0,0.0,0.0
46,Age-specific fertility rate,173,Gabon,2,Female,2,0-6 days,3,Rate,2013,0.0,0.0,0.0
46,Age-specific fertility rate,173,Gabon,2,Female,2,0-6 days,3,Rate,2014,0.0,0.0,0.0
46,Age-specific fertility rate,173,Gabon,2,Female,2,0-6 days,3,Rate,2015,0.0,0.0,0.0
46,Age-specific fertility rate,173,Gabon,2,Female,2,0-6 days,3,Rate,2016,0.0,0.0,0.0
46,Age-specific fertility rate,173,Gabon,2,Female,2,0-6 days,3,Rate,2017,0.0,0.0,0.0
46,Age-specific fertility rate,173,Gabon,2,Female,2,0-6 days,3,Rate,2018,0.0,0.0,0.0
46,Age-specific fertility rate,173,Gabon,2,Female,2,0-6 days,3,Rate,2019,0.0,0.0,0.0
46,Age-specific fertility rate,173,Gabon,2,Female,2,0-6 days,3,Rate,2020,0.0,0.0,0.0
46,Age-specific fertility rate,173,Gabon,2,Female,2,0-6 days,3,Rate,2021,0.0,0.0,0.0
46,Age-specific fertility rate,205,Cte d'Ivoire,2,Female,2,0-6 days,3,Rate,2000,0.0,0.0,0.0
46,Age-specific fertility rate,205,Cte d'Ivoire,2,Female,2,0-6 days,3,Rate,2001,0.0,0.0,0.0
46,Age-specific fertility rate,205,Cte d'Ivoire,2,Female,2,0-6 days,3,Rate,2002,0.0,0.0,0.0
46,Age-specific fertility rate,205,Cte d'Ivoire,2,Female,2,0-6 days,3,Rate,2003,0.0,0.0,0.0
46,Age-specific fertility rate,205,Cte d'Ivoire,2,Female,2,0-6 days,3,Rate,2004,0.0,0.0,0.0
46,Age-specific fertility rate,205,Cte d'Ivoire,2,Female,2,0-6 days,3,Rate,2005,0.0,0.0,0.0
46,Age-specific fertility rate,205,Cte d'Ivoire,2,Female,2,0-6 days,3,Rate,2006,0.0,0.0,0.0
46,Age-specific fertility rate,205,Cte d'Ivoire,2,Female,2,0-6 days,3,Rate,2007,0.0,0.0,0.0
46,Age-specific fertility rate,205,Cte d'Ivoire,2,Female,2,0-6 days,3,Rate,2008,0.0,0.0,0.0
46,Age-specific fertility rate,205,Cte d'Ivoire,2,Female,2,0-6 days,3,Rate,2009,0.0,0.0,0.0
46,Age-specific fertility rate,205,Cte d'Ivoire,2,Female,2,0-6 days,3,Rate,2010,0.0,0.0,0.0
46,Age-specific fertility rate,205,Cte d'Ivoire,2,Female,2,0-6 days,3,Rate,2011,0.0,0.0,0.0
46,Age-specific fertility rate,205,Cte d'Ivoire,2,Female,2,0-6 days,3,Rate,2012,0.0,0.0,0.0
46,Age-specific fertility rate,205,Cte d'Ivoire,2,Female,2,0-6 days,3,Rate,2013,0.0,0.0,0.0
46,Age-specific fertility rate,205,Cte d'Ivoire,2,Female,2,0-6 days,3,Rate,2014,0.0,0.0,0.0
46,Age-specific fertility rate,205,Cte d'Ivoire,2,Female,2,0-6 days,3,Rate,2015,0.0,0.0,0.0
46,Age-specific fertility rate,205,Cte d'Ivoire,2,Female,2,0-6 days,3,Rate,2016,0.0,0.0,0.0
46,Age-specific fertility rate,205,Cte d'Ivoire,2,Female,2,0-6 days,3,Rate,2017,0.0,0.0,0.0
46,Age-specific fertility rate,205,Cte d'Ivoire,2,Female,2,0-6 days,3,Rate,2018,0.0,0.0,0.0
46,Age-specific fertility rate,205,Cte d'Ivoire,2,Female,2,0-6 days,3,Rate,2019,0.0,0.0,0.0
46,Age-specific fertility rate,205,Cte d'Ivoire,2,Female,2,0-6 days,3,Rate,2020,0.0,0.0,0.0
46,Age-specific fertility rate,205,Cte d'Ivoire,2,Female,2,0-6 days,3,Rate,2021,0.0,0.0,0.0
46,Age-specific fertility rate,206,Gambia,2,Female,2,0-6 days,3,Rate,2000,0.0,0.0,0.0
46,Age-specific fertility rate,206,Gambia,2,Female,2,0-6 days,3,Rate,2001,0.0,0.0,0.0
46,Age-specific fertility rate,206,Gambia,2,Female,2,0-6 days,3,Rate,2002,0.0,0.0,0.0
46,Age-specific fertility rate,206,Gambia,2,Female,2,0-6 days,3,Rate,2003,0.0,0.0,0.0
46,Age-specific fertility rate,206,Gambia,2,Female,2,0-6 days,3,Rate,2004,0.0,0.0,0.0
46,Age-specific fertility rate,206,Gambia,2,Female,2,0-6 days,3,Rate,2005,0.0,0.0,0.0
46,Age-specific fertility rate,206,Gambia,2,Female,2,0-6 days,3,Rate,2006,0.0,0.0,0.0
46,Age-specific fertility rate,206,Gambia,2,Female,2,0-6 days,3,Rate,2007,0.0,0.0,0.0
46,Age-specific fertility rate,206,Gambia,2,Female,2,0-6 days,3,Rate,2008,0.0,0.0,0.0
46,Age-specific fertility rate,206,Gambia,2,Female,2,0-6 days,3,Rate,2009,0.0,0.0,0.0
46,Age-specific fertility rate,206,Gambia,2,Female,2,0-6 days,3,Rate,2010,0.0,0.0,0.0
46,Age-specific fertility rate,206,Gambia,2,Female,2,0-6 days,3,Rate,2011,0.0,0.0,0.0
46,Age-specific fertility rate,206,Gambia,2,Female,2,0-6 days,3,Rate,2012,0.0,0.0,0.0
46,Age-specific fertility rate,206,Gambia,2,Female,2,0-6 days,3,Rate,2013,0.0,0.0,0.0
46,Age-specific fertility rate,206,Gambia,2,Female,2,0-6 days,3,Rate,2014,0.0,0.0,0.0
46,Age-specific fertility rate,206,Gambia,2,Female,2,0-6 days,3,Rate,2015,0.0,0.0,0.0
46,Age-specific fertility rate,206,Gambia,2,Female,2,0-6 days,3,Rate,2016,0.0,0.0,0.0
46,Age-specific fertility rate,206,Gambia,2,Female,2,0-6 days,3,Rate,2017,0.0,0.0,0.0
46,Age-specific fertility rate,206,Gambia,2,Female,2,0-6 days,3,Rate,2018,0.0,0.0,0.0
46,Age-specific fertility rate,206,Gambia,2,Female,2,0-6 days,3,Rate,2019,0.0,0.0,0.0
46,Age-specific fertility rate,206,Gambia,2,Female,2,0-6 days,3,Rate,2020,0.0,0.0,0.0
46,Age-specific fertility rate,206,Gambia,2,Female,2,0-6 days,3,Rate,2021,0.0,0.0,0.0
46,Age-specific fertility rate,175,Burundi,2,Female,2,0-6 days,3,Rate,2000,0.0,0.0,0.0
46,Age-specific fertility rate,175,Burundi,2,Female,2,0-6 days,3,Rate,2001,0.0,0.0,0.0
46,Age-specific fertility rate,175,Burundi,2,Female,2,0-6 days,3,Rate,2002,0.0,0.0,0.0
46,Age-specific fertility rate,175,Burundi,2,Female,2,0-6 days,3,Rate,2003,0.0,0.0,0.0
46,Age-specific fertility rate,175,Burundi,2,Female,2,0-6 days,3,Rate,2004,0.0,0.0,0.0
46,Age-specific fertility rate,175,Burundi,2,Female,2,0-6 days,3,Rate,2005,0.0,0.0,0.0
46,Age-specific fertility rate,175,Burundi,2,Female,2,0-6 days,3,Rate,2006,0.0,0.0,0.0
46,Age-specific fertility rate,175,Burundi,2,Female,2,0-6 days,3,Rate,2007,0.0,0.0,0.0
46,Age-specific fertility rate,175,Burundi,2,Female,2,0-6 days,3,Rate,2008,0.0,0.0,0.0
46,Age-specific fertility rate,175,Burundi,2,Female,2,0-6 days,3,Rate,2009,0.0,0.0,0.0
46,Age-specific fertility rate,175,Burundi,2,Female,2,0-6 days,3,Rate,2010,0.0,0.0,0.0
46,Age-specific fertility rate,175,Burundi,2,Female,2,0-6 days,3,Rate,2011,0.0,0.0,0.0
46,Age-specific fertility rate,175,Burundi,2,Female,2,0-6 days,3,Rate,2012,0.0,0.0,0.0
46,Age-specific fertility rate,175,Burundi,2,Female,2,0-6 days,3,Rate,2013,0.0,0.0,0.0
46,Age-specific fertility rate,175,Burundi,2,Female,2,0-6 days,3,Rate,2014,0.0,0.0,0.0
46,Age-specific fertility rate,175,Burundi,2,Female,2,0-6 days,3,Rate,2015,0.0,0.0,0.0
46,Age-specific fertility rate,175,Burundi,2,Female,2,0-6 days,3,Rate,2016,0.0,0.0,0.0
46,Age-specific fertility rate,175,Burundi,2,Female,2,0-6 days,3,Rate,2017,0.0,0.0,0.0
46,Age-specific fertility rate,175,Burundi,2,Female,2,0-6 days,3,Rate,2018,0.0,0.0,0.0
46,Age-specific fertility rate,175,Burundi,2,Female,2,0-6 days,3,Rate,2019,0.0,0.0,0.0
46,Age-specific fertility rate,175,Burundi,2,Female,2,0-6 days,3,Rate,2020,0.0,0.0,0.0
46,Age-specific fertility rate,175,Burundi,2,Female,2,0-6 days,3,Rate,2021,0.0,0.0,0.0
46,Age-specific fertility rate,184,Mozambique,2,Female,2,0-6 days,3,Rate,2000,0.0,0.0,0.0
46,Age-specific fertility rate,184,Mozambique,2,Female,2,0-6 days,3,Rate,2001,0.0,0.0,0.0
46,Age-specific fertility rate,184,Mozambique,2,Female,2,0-6 days,3,Rate,2002,0.0,0.0,0.0
46,Age-specific fertility rate,184,Mozambique,2,Female,2,0-6 days,3,Rate,2003,0.0,0.0,0.0
46,Age-specific fertility rate,184,Mozambique,2,Female,2,0-6 days,3,Rate,2004,0.0,0.0,0.0
46,Age-specific fertility rate,184,Mozambique,2,Female,2,0-6 days,3,Rate,2005,0.0,0.0,0.0
46,Age-specific fertility rate,184,Mozambique,2,Female,2,0-6 days,3,Rate,2006,0.0,0.0,0.0
46,Age-specific fertility rate,184,Mozambique,2,Female,2,0-6 days,3,Rate,2007,0.0,0.0,0.0
46,Age-specific fertility rate,184,Mozambique,2,Female,2,0-6 days,3,Rate,2008,0.0,0.0,0.0
46,Age-specific fertility rate,184,Mozambique,2,Female,2,0-6 days,3,Rate,2009,0.0,0.0,0.0
46,Age-specific fertility rate,184,Mozambique,2,Female,2,0-6 days,3,Rate,2010,0.0,0.0,0.0
46,Age-specific fertility rate,184,Mozambique,2,Female,2,0-6 days,3,Rate,2011,0.0,0.0,0.0
46,Age-specific fertility rate,184,Mozambique,2,Female,2,0-6 days,3,Rate,2012,0.0,0.0,0.0
46,Age-specific fertility rate,184,Mozambique,2,Female,2,0-6 days,3,Rate,2013,0.0,0.0,0.0
46,Age-specific fertility rate,184,Mozambique,2,Female,2,0-6 days,3,Rate,2014,0.0,0.0,0.0
46,Age-specific fertility rate,184,Mozambique,2,Female,2,0-6 days,3,Rate,2015,0.0,0.0,0.0
46,Age-specific fertility rate,184,Mozambique,2,Female,2,0-6 days,3,Rate,2016,0.0,0.0,0.0
46,Age-specific fertility rate,184,Mozambique,2,Female,2,0-6 days,3,Rate,2017,0.0,0.0,0.0
46,Age-specific fertility rate,184,Mozambique,2,Female,2,0-6 days,3,Rate,2018,0.0,0.0,0.0
46,Age-specific fertility rate,184,Mozambique,2,Female,2,0-6 days,3,Rate,2019,0.0,0.0,0.0
46,Age-specific fertility rate,184,Mozambique,2,Female,2,0-6 days,3,Rate,2020,0.0,0.0,0.0
46,Age-specific fertility rate,184,Mozambique,2,Female,2,0-6 days,3,Rate,2021,0.0,0.0,0.0
46,Age-specific fertility rate,215,Sao Tome and Principe,2,Female,2,0-6 days,3,Rate,2000,0.0,0.0,0.0
46,Age-specific fertility rate,215,Sao Tome and Principe,2,Female,2,0-6 days,3,Rate,2001,0.0,0.0,0.0
46,Age-specific fertility rate,215,Sao Tome and Principe,2,Female,2,0-6 days,3,Rate,2002,0.0,0.0,0.0
46,Age-specific fertility rate,215,Sao Tome and Principe,2,Female,2,0-6 days,3,Rate,2003,0.0,0.0,0.0
46,Age-specific fertility rate,215,Sao Tome and Principe,2,Female,2,0-6 days,3,Rate,2004,0.0,0.0,0.0
46,Age-specific fertility rate,215,Sao Tome and Principe,2,Female,2,0-6 days,3,Rate,2005,0.0,0.0,0.0
46,Age-specific fertility rate,215,Sao Tome and Principe,2,Female,2,0-6 days,3,Rate,2006,0.0,0.0,0.0
46,Age-specific fertility rate,215,Sao Tome and Principe,2,Female,2,0-6 days,3,Rate,2007,0.0,0.0,0.0
46,Age-specific fertility rate,215,Sao Tome and Principe,2,Female,2,0-6 days,3,Rate,2008,0.0,0.0,0.0
46,Age-specific fertility rate,215,Sao Tome and Principe,2,Female,2,0-6 days,3,Rate,2009,0.0,0.0,0.0
46,Age-specific fertility rate,215,Sao Tome and Principe,2,Female,2,0-6 days,3,Rate,2010,0.0,0.0,0.0
46,Age-specific fertility rate,215,Sao Tome and Principe,2,Female,2,0-6 days,3,Rate,2011,0.0,0.0,0.0
46,Age-specific fertility rate,215,Sao Tome and Principe,2,Female,2,0-6 days,3,Rate,2012,0.0,0.0,0.0
46,Age-specific fertility rate,215,Sao Tome and Principe,2,Female,2,0-6 days,3,Rate,2013,0.0,0.0,0.0
46,Age-specific fertility rate,215,Sao Tome and Principe,2,Female,2,0-6 days,3,Rate,2014,0.0,0.0,0.0
46,Age-specific fertility rate,215,Sao Tome and Principe,2,Female,2,0-6 days,3,Rate,2015,0.0,0.0,0.0
46,Age-specific fertility rate,215,Sao Tome and Principe,2,Female,2,0-6 days,3,Rate,2016,0.0,0.0,0.0
46,Age-specific fertility rate,215,Sao Tome and Principe,2,Female,2,0-6 days,3,Rate,2017,0.0,0.0,0.0
46,Age-specific fertility rate,215,Sao Tome and Principe,2,Female,2,0-6 days,3,Rate,2018,0.0,0.0,0.0
46,Age-specific fertility rate,215,Sao Tome and Principe,2,Female,2,0-6 days,3,Rate,2019,0.0,0.0,0.0
46,Age-specific fertility rate,215,Sao Tome and Principe,2,Female,2,0-6 days,3,Rate,2020,0.0,0.0,0.0
46,Age-specific fertility rate,215,Sao Tome and Principe,2,Female,2,0-6 days,3,Rate,2021,0.0,0.0,0.0
46,Age-specific fertility rate,216,Senegal,2,Female,2,0-6 days,3,Rate,2000,0.0,0.0,0.0
46,Age-specific fertility rate,216,Senegal,2,Female,2,0-6 days,3,Rate,2001,0.0,0.0,0.0
46,Age-specific fertility rate,216,Senegal,2,Female,2,0-6 days,3,Rate,2002,0.0,0.0,0.0
46,Age-specific fertility rate,216,Senegal,2,Female,2,0-6 days,3,Rate,2003,0.0,0.0,0.0
46,Age-specific fertility rate,216,Senegal,2,Female,2,0-6 days,3,Rate,2004,0.0,0.0,0.0
46,Age-specific fertility rate,216,Senegal,2,Female,2,0-6 days,3,Rate,2005,0.0,0.0,0.0
46,Age-specific fertility rate,216,Senegal,2,Female,2,0-6 days,3,Rate,2006,0.0,0.0,0.0
46,Age-specific fertility rate,216,Senegal,2,Female,2,0-6 days,3,Rate,2007,0.0,0.0,0.0
46,Age-specific fertility rate,216,Senegal,2,Female,2,0-6 days,3,Rate,2008,0.0,0.0,0.0
46,Age-specific fertility rate,216,Senegal,2,Female,2,0-6 days,3,Rate,2009,0.0,0.0,0.0
46,Age-specific fertility rate,216,Senegal,2,Female,2,0-6 days,3,Rate,2010,0.0,0.0,0.0
46,Age-specific fertility rate,216,Senegal,2,Female,2,0-6 days,3,Rate,2011,0.0,0.0,0.0
46,Age-specific fertility rate,216,Senegal,2,Female,2,0-6 days,3,Rate,2012,0.0,0.0,0.0
46,Age-specific fertility rate,216,Senegal,2,Female,2,0-6 days,3,Rate,2013,0.0,0.0,0.0
46,Age-specific fertility rate,216,Senegal,2,Female,2,0-6 days,3,Rate,2014,0.0,0.0,0.0
46,Age-specific fertility rate,216,Senegal,2,Female,2,0-6 days,3,Rate,2015,0.0,0.0,0.0
46,Age-specific fertility rate,216,Senegal,2,Female,2,0-6 days,3,Rate,2016,0.0,0.0,0.0
46,Age-specific fertility rate,216,Senegal,2,Female,2,0-6 days,3,Rate,2017,0.0,0.0,0.0
46,Age-specific fertility rate,216,Senegal,2,Female,2,0-6 days,3,Rate,2018,0.0,0.0,0.0
46,Age-specific fertility rate,216,Senegal,2,Female,2,0-6 days,3,Rate,2019,0.0,0.0,0.0
46,Age-specific fertility rate,216,Senegal,2,Female,2,0-6 days,3,Rate,2020,0.0,0.0,0.0
46,Age-specific fertility rate,216,Senegal,2,Female,2,0-6 days,3,Rate,2021,0.0,0.0,0.0
46,Age-specific fertility rate,185,Rwanda,2,Female,2,0-6 days,3,Rate,2000,0.0,0.0,0.0
46,Age-specific fertility rate,185,Rwanda,2,Female,2,0-6 days,3,Rate,2001,0.0,0.0,0.0
46,Age-specific fertility rate,185,Rwanda,2,Female,2,0-6 days,3,Rate,2002,0.0,0.0,0.0
46,Age-specific fertility rate,185,Rwanda,2,Female,2,0-6 days,3,Rate,2003,0.0,0.0,0.0
46,Age-specific fertility rate,185,Rwanda,2,Female,2,0-6 days,3,Rate,2004,0.0,0.0,0.0
46,Age-specific fertility rate,185,Rwanda,2,Female,2,0-6 days,3,Rate,2005,0.0,0.0,0.0
46,Age-specific fertility rate,185,Rwanda,2,Female,2,0-6 days,3,Rate,2006,0.0,0.0,0.0
46,Age-specific fertility rate,185,Rwanda,2,Female,2,0-6 days,3,Rate,2007,0.0,0.0,0.0
46,Age-specific fertility rate,185,Rwanda,2,Female,2,0-6 days,3,Rate,2008,0.0,0.0,0.0
46,Age-specific fertility rate,185,Rwanda,2,Female,2,0-6 days,3,Rate,2009,0.0,0.0,0.0
46,Age-specific fertility rate,185,Rwanda,2,Female,2,0-6 days,3,Rate,2010,0.0,0.0,0.0
46,Age-specific fertility rate,185,Rwanda,2,Female,2,0-6 days,3,Rate,2011,0.0,0.0,0.0
46,Age-specific fertility rate,185,Rwanda,2,Female,2,0-6 days,3,Rate,2012,0.0,0.0,0.0
46,Age-specific fertility rate,185,Rwanda,2,Female,2,0-6 days,3,Rate,2013,0.0,0.0,0.0
46,Age-specific fertility rate,185,Rwanda,2,Female,2,0-6 days,3,Rate,2014,0.0,0.0,0.0
46,Age-specific fertility rate,185,Rwanda,2,Female,2,0-6 days,3,Rate,2015,0.0,0.0,0.0
46,Age-specific fertility rate,185,Rwanda,2,Female,2,0-6 days,3,Rate,2016,0.0,0.0,0.0
46,Age-specific fertility rate,185,Rwanda,2,Female,2,0-6 days,3,Rate,2017,0.0,0.0,0.0
46,Age-specific fertility rate,185,Rwanda,2,Female,2,0-6 days,3,Rate,2018,0.0,0.0,0.0
46,Age-specific fertility rate,185,Rwanda,2,Female,2,0-6 days,3,Rate,2019,0.0,0.0,0.0
46,Age-specific fertility rate,185,Rwanda,2,Female,2,0-6 days,3,Rate,2020,0.0,0.0,0.0
46,Age-specific fertility rate,185,Rwanda,2,Female,2,0-6 days,3,Rate,2021,0.0,0.0,0.0
46,Age-specific fertility rate,196,South Africa,2,Female,2,0-6 days,3,Rate,2000,0.0,0.0,0.0
46,Age-specific fertility rate,196,South Africa,2,Female,2,0-6 days,3,Rate,2001,0.0,0.0,0.0
46,Age-specific fertility rate,196,South Africa,2,Female,2,0-6 days,3,Rate,2002,0.0,0.0,0.0
46,Age-specific fertility rate,196,South Africa,2,Female,2,0-6 days,3,Rate,2003,0.0,0.0,0.0
46,Age-specific fertility rate,196,South Africa,2,Female,2,0-6 days,3,Rate,2004,0.0,0.0,0.0
46,Age-specific fertility rate,196,South Africa,2,Female,2,0-6 days,3,Rate,2005,0.0,0.0,0.0
46,Age-specific fertility rate,196,South Africa,2,Female,2,0-6 days,3,Rate,2006,0.0,0.0,0.0
46,Age-specific fertility rate,196,South Africa,2,Female,2,0-6 days,3,Rate,2007,0.0,0.0,0.0
46,Age-specific fertility rate,196,South Africa,2,Female,2,0-6 days,3,Rate,2008,0.0,0.0,0.0
46,Age-specific fertility rate,196,South Africa,2,Female,2,0-6 days,3,Rate,2009,0.0,0.0,0.0
46,Age-specific fertility rate,196,South Africa,2,Female,2,0-6 days,3,Rate,2010,0.0,0.0,0.0
46,Age-specific fertility rate,196,South Africa,2,Female,2,0-6 days,3,Rate,2011,0.0,0.0,0.0
46,Age-specific fertility rate,196,South Africa,2,Female,2,0-6 days,3,Rate,2012,0.0,0.0,0.0
46,Age-specific fertility rate,196,South Africa,2,Female,2,0-6 days,3,Rate,2013,0.0,0.0,0.0
46,Age-specific fertility rate,196,South Africa,2,Female,2,0-6 days,3,Rate,2014,0.0,0.0,0.0
46,Age-specific fertility rate,196,South Africa,2,Female,2,0-6 days,3,Rate,2015,0.0,0.0,0.0
46,Age-specific fertility rate,196,South Africa,2,Female,2,0-6 days,3,Rate,2016,0.0,0.0,0.0
46,Age-specific fertility rate,196,South Africa,2,Female,2,0-6 days,3,Rate,2017,0.0,0.0,0.0
46,Age-specific fertility rate,196,South Africa,2,Female,2,0-6 days,3,Rate,2018,0.0,0.0,0.0
46,Age-specific fertility rate,196,South Africa,2,Female,2,0-6 days,3,Rate,2019,0.0,0.0,0.0
46,Age-specific fertility rate,196,South Africa,2,Female,2,0-6 days,3,Rate,2020,0.0,0.0,0.0
46,Age-specific fertility rate,196,South Africa,2,Female,2,0-6 days,3,Rate,2021,0.0,0.0,0.0
46,Age-specific fertility rate,217,Sierra Leone,2,Female,2,0-6 days,3,Rate,2000,0.0,0.0,0.0
46,Age-specific fertility rate,217,Sierra Leone,2,Female,2,0-6 days,3,Rate,2001,0.0,0.0,0.0
46,Age-specific fertility rate,217,Sierra Leone,2,Female,2,0-6 days,3,Rate,2002,0.0,0.0,0.0
46,Age-specific fertility rate,217,Sierra Leone,2,Female,2,0-6 days,3,Rate,2003,0.0,0.0,0.0
46,Age-specific fertility rate,217,Sierra Leone,2,Female,2,0-6 days,3,Rate,2004,0.0,0.0,0.0
46,Age-specific fertility rate,217,Sierra Leone,2,Female,2,0-6 days,3,Rate,2005,0.0,0.0,0.0
46,Age-specific fertility rate,217,Sierra Leone,2,Female,2,0-6 days,3,Rate,2006,0.0,0.0,0.0
46,Age-specific fertility rate,217,Sierra Leone,2,Female,2,0-6 days,3,Rate,2007,0.0,0.0,0.0
46,Age-specific fertility rate,217,Sierra Leone,2,Female,2,0-6 days,3,Rate,2008,0.0,0.0,0.0
46,Age-specific fertility rate,217,Sierra Leone,2,Female,2,0-6 days,3,Rate,2009,0.0,0.0,0.0
46,Age-specific fertility rate,217,Sierra Leone,2,Female,2,0-6 days,3,Rate,2010,0.0,0.0,0.0
46,Age-specific fertility rate,217,Sierra Leone,2,Female,2,0-6 days,3,Rate,2011,0.0,0.0,0.0
46,Age-specific fertility rate,217,Sierra Leone,2,Female,2,0-6 days,3,Rate,2012,0.0,0.0,0.0
46,Age-specific fertility rate,217,Sierra Leone,2,Female,2,0-6 days,3,Rate,2013,0.0,0.0,0.0
46,Age-specific fertility rate,217,Sierra Leone,2,Female,2,0-6 days,3,Rate,2014,0.0,0.0,0.0
46,Age-specific fertility rate,217,Sierra Leone,2,Female,2,0-6 days,3,Rate,2015,0.0,0.0,0.0
46,Age-specific fertility rate,217,Sierra Leone,2,Female,2,0-6 days,3,Rate,2016,0.0,0.0,0.0
46,Age-specific fertility rate,217,Sierra Leone,2,Female,2,0-6 days,3,Rate,2017,0.0,0.0,0.0
46,Age-specific fertility rate,217,Sierra Leone,2,Female,2,0-6 days,3,Rate,2018,0.0,0.0,0.0
46,Age-specific fertility rate,217,Sierra Leone,2,Female,2,0-6 days,3,Rate,2019,0.0,0.0,0.0
46,Age-specific fertility rate,217,Sierra Leone,2,Female,2,0-6 days,3,Rate,2020,0.0,0.0,0.0
46,Age-specific fertility rate,217,Sierra Leone,2,Female,2,0-6 days,3,Rate,2021,0.0,0.0,0.0
46,Age-specific fertility rate,197,Eswatini,2,Female,2,0-6 days,3,Rate,2000,0.0,0.0,0.0
46,Age-specific fertility rate,197,Eswatini,2,Female,2,0-6 days,3,Rate,2001,0.0,0.0,0.0
46,Age-specific fertility rate,197,Eswatini,2,Female,2,0-6 days,3,Rate,2002,0.0,0.0,0.0
46,Age-specific fertility rate,197,Eswatini,2,Female,2,0-6 days,3,Rate,2003,0.0,0.0,0.0
46,Age-specific fertility rate,197,Eswatini,2,Female,2,0-6 days,3,Rate,2004,0.0,0.0,0.0
46,Age-specific fertility rate,197,Eswatini,2,Female,2,0-6 days,3,Rate,2005,0.0,0.0,0.0
46,Age-specific fertility rate,197,Eswatini,2,Female,2,0-6 days,3,Rate,2006,0.0,0.0,0.0
46,Age-specific fertility rate,197,Eswatini,2,Female,2,0-6 days,3,Rate,2007,0.0,0.0,0.0
46,Age-specific fertility rate,197,Eswatini,2,Female,2,0-6 days,3,Rate,2008,0.0,0.0,0.0
46,Age-specific fertility rate,197,Eswatini,2,Female,2,0-6 days,3,Rate,2009,0.0,0.0,0.0
46,Age-specific fertility rate,197,Eswatini,2,Female,2,0-6 days,3,Rate,2010,0.0,0.0,0.0
46,Age-specific fertility rate,197,Eswatini,2,Female,2,0-6 days,3,Rate,2011,0.0,0.0,0.0
46,Age-specific fertility rate,197,Eswatini,2,Female,2,0-6 days,3,Rate,2012,0.0,0.0,0.0
46,Age-specific fertility rate,197,Eswatini,2,Female,2,0-6 days,3,Rate,2013,0.0,0.0,0.0
46,Age-specific fertility rate,197,Eswatini,2,Female,2,0-6 days,3,Rate,2014,0.0,0.0,0.0
46,Age-specific fertility rate,197,Eswatini,2,Female,2,0-6 days,3,Rate,2015,0.0,0.0,0.0
46,Age-specific fertility rate,197,Eswatini,2,Female,2,0-6 days,3,Rate,2016,0.0,0.0,0.0
46,Age-specific fertility rate,197,Eswatini,2,Female,2,0-6 days,3,Rate,2017,0.0,0.0,0.0
46,Age-specific fertility rate,197,Eswatini,2,Female,2,0-6 days,3,Rate,2018,0.0,0.0,0.0
46,Age-specific fertility rate,197,Eswatini,2,Female,2,0-6 days,3,Rate,2019,0.0,0.0,0.0
46,Age-specific fertility rate,197,Eswatini,2,Female,2,0-6 days,3,Rate,2020,0.0,0.0,0.0
46,Age-specific fertility rate,197,Eswatini,2,Female,2,0-6 days,3,Rate,2021,0.0,0.0,0.0
46,Age-specific fertility rate,198,Zimbabwe,2,Female,2,0-6 days,3,Rate,2000,0.0,0.0,0.0
46,Age-specific fertility rate,198,Zimbabwe,2,Female,2,0-6 days,3,Rate,2001,0.0,0.0,0.0
46,Age-specific fertility rate,198,Zimbabwe,2,Female,2,0-6 days,3,Rate,2002,0.0,0.0,0.0
46,Age-specific fertility rate,198,Zimbabwe,2,Female,2,0-6 days,3,Rate,2003,0.0,0.0,0.0
46,Age-specific fertility rate,198,Zimbabwe,2,Female,2,0-6 days,3,Rate,2004,0.0,0.0,0.0
46,Age-specific fertility rate,198,Zimbabwe,2,Female,2,0-6 days,3,Rate,2005,0.0,0.0,0.0
46,Age-specific fertility rate,198,Zimbabwe,2,Female,2,0-6 days,3,Rate,2006,0.0,0.0,0.0
46,Age-specific fertility rate,198,Zimbabwe,2,Female,2,0-6 days,3,Rate,2007,0.0,0.0,0.0
46,Age-specific fertility rate,198,Zimbabwe,2,Female,2,0-6 days,3,Rate,2008,0.0,0.0,0.0
46,Age-specific fertility rate,198,Zimbabwe,2,Female,2,0-6 days,3,Rate,2009,0.0,0.0,0.0
46,Age-specific fertility rate,198,Zimbabwe,2,Female,2,0-6 days,3,Rate,2010,0.0,0.0,0.0
46,Age-specific fertility rate,198,Zimbabwe,2,Female,2,0-6 days,3,Rate,2011,0.0,0.0,0.0
46,Age-specific fertility rate,198,Zimbabwe,2,Female,2,0-6 days,3,Rate,2012,0.0,0.0,0.0
46,Age-specific fertility rate,198,Zimbabwe,2,Female,2,0-6 days,3,Rate,2013,0.0,0.0,0.0
46,Age-specific fertility rate,198,Zimbabwe,2,Female,2,0-6 days,3,Rate,2014,0.0,0.0,0.0
46,Age-specific fertility rate,198,Zimbabwe,2,Female,2,0-6 days,3,Rate,2015,0.0,0.0,0.0
46,Age-specific fertility rate,198,Zimbabwe,2,Female,2,0-6 days,3,Rate,2016,0.0,0.0,0.0
46,Age-specific fertility rate,198,Zimbabwe,2,Female,2,0-6 days,3,Rate,2017,0.0,0.0,0.0
46,Age-specific fertility rate,198,Zimbabwe,2,Female,2,0-6 days,3,Rate,2018,0.0,0.0,0.0
46,Age-specific fertility rate,198,Zimbabwe,2,Female,2,0-6 days,3,Rate,2019,0.0,0.0,0.0
46,Age-specific fertility rate,198,Zimbabwe,2,Female,2,0-6 days,3,Rate,2020,0.0,0.0,0.0
46,Age-specific fertility rate,198,Zimbabwe,2,Female,2,0-6 days,3,Rate,2021,0.0,0.0,0.0
46,Age-specific fertility rate,435,South Sudan,2,Female,2,0-6 days,3,Rate,2000,0.0,0.0,0.0
46,Age-specific fertility rate,435,South Sudan,2,Female,2,0-6 days,3,Rate,2001,0.0,0.0,0.0
46,Age-specific fertility rate,435,South Sudan,2,Female,2,0-6 days,3,Rate,2002,0.0,0.0,0.0
46,Age-specific fertility rate,435,South Sudan,2,Female,2,0-6 days,3,Rate,2003,0.0,0.0,0.0
46,Age-specific fertility rate,435,South Sudan,2,Female,2,0-6 days,3,Rate,2004,0.0,0.0,0.0
46,Age-specific fertility rate,435,South Sudan,2,Female,2,0-6 days,3,Rate,2005,0.0,0.0,0.0
46,Age-specific fertility rate,435,South Sudan,2,Female,2,0-6 days,3,Rate,2006,0.0,0.0,0.0
46,Age-specific fertility rate,435,South Sudan,2,Female,2,0-6 days,3,Rate,2007,0.0,0.0,0.0
46,Age-specific fertility rate,435,South Sudan,2,Female,2,0-6 days,3,Rate,2008,0.0,0.0,0.0
46,Age-specific fertility rate,435,South Sudan,2,Female,2,0-6 days,3,Rate,2009,0.0,0.0,0.0
46,Age-specific fertility rate,435,South Sudan,2,Female,2,0-6 days,3,Rate,2010,0.0,0.0,0.0
46,Age-specific fertility rate,435,South Sudan,2,Female,2,0-6 days,3,Rate,2011,0.0,0.0,0.0
46,Age-specific fertility rate,435,South Sudan,2,Female,2,0-6 days,3,Rate,2012,0.0,0.0,0.0
46,Age-specific fertility rate,435,South Sudan,2,Female,2,0-6 days,3,Rate,2013,0.0,0.0,0.0
46,Age-specific fertility rate,435,South Sudan,2,Female,2,0-6 days,3,Rate,2014,0.0,0.0,0.0
46,Age-specific fertility rate,435,South Sudan,2,Female,2,0-6 days,3,Rate,2015,0.0,0.0,0.0
46,Age-specific fertility rate,435,South Sudan,2,Female,2,0-6 days,3,Rate,2016,0.0,0.0,0.0
46,Age-specific fertility rate,435,South Sudan,2,Female,2,0-6 days,3,Rate,2017,0.0,0.0,0.0
46,Age-specific fertility rate,435,South Sudan,2,Female,2,0-6 days,3,Rate,2018,0.0,0.0,0.0
46,Age-specific fertility rate,435,South Sudan,2,Female,2,0-6 days,3,Rate,2019,0.0,0.0,0.0
46,Age-specific fertility rate,435,South Sudan,2,Female,2,0-6 days,3,Rate,2020,0.0,0.0,0.0
46,Age-specific fertility rate,435,South Sudan,2,Female,2,0-6 days,3,Rate,2021,0.0,0.0,0.0
46,Age-specific fertility rate,207,Ghana,2,Female,2,0-6 days,3,Rate,2000,0.0,0.0,0.0
46,Age-specific fertility rate,207,Ghana,2,Female,2,0-6 days,3,Rate,2001,0.0,0.0,0.0
46,Age-specific fertility rate,207,Ghana,2,Female,2,0-6 days,3,Rate,2002,0.0,0.0,0.0
46,Age-specific fertility rate,207,Ghana,2,Female,2,0-6 days,3,Rate,2003,0.0,0.0,0.0
46,Age-specific fertility rate,207,Ghana,2,Female,2,0-6 days,3,Rate,2004,0.0,0.0,0.0
46,Age-specific fertility rate,207,Ghana,2,Female,2,0-6 days,3,Rate,2005,0.0,0.0,0.0
46,Age-specific fertility rate,207,Ghana,2,Female,2,0-6 days,3,Rate,2006,0.0,0.0,0.0
46,Age-specific fertility rate,207,Ghana,2,Female,2,0-6 days,3,Rate,2007,0.0,0.0,0.0
46,Age-specific fertility rate,207,Ghana,2,Female,2,0-6 days,3,Rate,2008,0.0,0.0,0.0
46,Age-specific fertility rate,207,Ghana,2,Female,2,0-6 days,3,Rate,2009,0.0,0.0,0.0
46,Age-specific fertility rate,207,Ghana,2,Female,2,0-6 days,3,Rate,2010,0.0,0.0,0.0
46,Age-specific fertility rate,207,Ghana,2,Female,2,0-6 days,3,Rate,2011,0.0,0.0,0.0
46,Age-specific fertility rate,207,Ghana,2,Female,2,0-6 days,3,Rate,2012,0.0,0.0,0.0
46,Age-specific fertility rate,207,Ghana,2,Female,2,0-6 days,3,Rate,2013,0.0,0.0,0.0
46,Age-specific fertility rate,207,Ghana,2,Female,2,0-6 days,3,Rate,2014,0.0,0.0,0.0
46,Age-specific fertility rate,207,Ghana,2,Female,2,0-6 days,3,Rate,2015,0.0,0.0,0.0
46,Age-specific fertility rate,207,Ghana,2,Female,2,0-6 days,3,Rate,2016,0.0,0.0,0.0
46,Age-specific fertility rate,207,Ghana,2,Female,2,0-6 days,3,Rate,2017,0.0,0.0,0.0
46,Age-specific fertility rate,207,Ghana,2,Female,2,0-6 days,3,Rate,2018,0.0,0.0,0.0
46,Age-specific fertility rate,207,Ghana,2,Female,2,0-6 days,3,Rate,2019,0.0,0.0,0.0
46,Age-specific fertility rate,207,Ghana,2,Female,2,0-6 days,3,Rate,2020,0.0,0.0,0.0
46,Age-specific fertility rate,207,Ghana,2,Female,2,0-6 days,3,Rate,2021,0.0,0.0,0.0
46,Age-specific fertility rate,208,Guinea,2,Female,2,0-6 days,3,Rate,2000,0.0,0.0,0.0
46,Age-specific fertility rate,208,Guinea,2,Female,2,0-6 days,3,Rate,2001,0.0,0.0,0.0
46,Age-specific fertility rate,208,Guinea,2,Female,2,0-6 days,3,Rate,2002,0.0,0.0,0.0
46,Age-specific fertility rate,208,Guinea,2,Female,2,0-6 days,3,Rate,2003,0.0,0.0,0.0
46,Age-specific fertility rate,208,Guinea,2,Female,2,0-6 days,3,Rate,2004,0.0,0.0,0.0
46,Age-specific fertility rate,208,Guinea,2,Female,2,0-6 days,3,Rate,2005,0.0,0.0,0.0
46,Age-specific fertility rate,208,Guinea,2,Female,2,0-6 days,3,Rate,2006,0.0,0.0,0.0
46,Age-specific fertility rate,208,Guinea,2,Female,2,0-6 days,3,Rate,2007,0.0,0.0,0.0
46,Age-specific fertility rate,208,Guinea,2,Female,2,0-6 days,3,Rate,2008,0.0,0.0,0.0
46,Age-specific fertility rate,208,Guinea,2,Female,2,0-6 days,3,Rate,2009,0.0,0.0,0.0
46,Age-specific fertility rate,208,Guinea,2,Female,2,0-6 days,3,Rate,2010,0.0,0.0,0.0
46,Age-specific fertility rate,208,Guinea,2,Female,2,0-6 days,3,Rate,2011,0.0,0.0,0.0
46,Age-specific fertility rate,208,Guinea,2,Female,2,0-6 days,3,Rate,2012,0.0,0.0,0.0
46,Age-specific fertility rate,208,Guinea,2,Female,2,0-6 days,3,Rate,2013,0.0,0.0,0.0
46,Age-specific fertility rate,208,Guinea,2,Female,2,0-6 days,3,Rate,2014,0.0,0.0,0.0
46,Age-specific fertility rate,208,Guinea,2,Female,2,0-6 days,3,Rate,2015,0.0,0.0,0.0
46,Age-specific fertility rate,208,Guinea,2,Female,2,0-6 days,3,Rate,2016,0.0,0.0,0.0
46,Age-specific fertility rate,208,Guinea,2,Female,2,0-6 days,3,Rate,2017,0.0,0.0,0.0
46,Age-specific fertility rate,208,Guinea,2,Female,2,0-6 days,3,Rate,2018,0.0,0.0,0.0
46,Age-specific fertility rate,208,Guinea,2,Female,2,0-6 days,3,Rate,2019,0.0,0.0,0.0
46,Age-specific fertility rate,208,Guinea,2,Female,2,0-6 days,3,Rate,2020,0.0,0.0,0.0
46,Age-specific fertility rate,208,Guinea,2,Female,2,0-6 days,3,Rate,2021,0.0,0.0,0.0
46,Age-specific fertility rate,209,Guinea-Bissau,2,Female,2,0-6 days,3,Rate,2000,0.0,0.0,0.0
46,Age-specific fertility rate,209,Guinea-Bissau,2,Female,2,0-6 days,3,Rate,2001,0.0,0.0,0.0
46,Age-specific fertility rate,209,Guinea-Bissau,2,Female,2,0-6 days,3,Rate,2002,0.0,0.0,0.0
46,Age-specific fertility rate,209,Guinea-Bissau,2,Female,2,0-6 days,3,Rate,2003,0.0,0.0,0.0
46,Age-specific fertility rate,209,Guinea-Bissau,2,Female,2,0-6 days,3,Rate,2004,0.0,0.0,0.0
46,Age-specific fertility rate,209,Guinea-Bissau,2,Female,2,0-6 days,3,Rate,2005,0.0,0.0,0.0
46,Age-specific fertility rate,209,Guinea-Bissau,2,Female,2,0-6 days,3,Rate,2006,0.0,0.0,0.0
46,Age-specific fertility rate,209,Guinea-Bissau,2,Female,2,0-6 days,3,Rate,2007,0.0,0.0,0.0
46,Age-specific fertility rate,209,Guinea-Bissau,2,Female,2,0-6 days,3,Rate,2008,0.0,0.0,0.0
46,Age-specific fertility rate,209,Guinea-Bissau,2,Female,2,0-6 days,3,Rate,2009,0.0,0.0,0.0
46,Age-specific fertility rate,209,Guinea-Bissau,2,Female,2,0-6 days,3,Rate,2010,0.0,0.0,0.0
46,Age-specific fertility rate,209,Guinea-Bissau,2,Female,2,0-6 days,3,Rate,2011,0.0,0.0,0.0
46,Age-specific fertility rate,209,Guinea-Bissau,2,Female,2,0-6 days,3,Rate,2012,0.0,0.0,0.0
46,Age-specific fertility rate,209,Guinea-Bissau,2,Female,2,0-6 days,3,Rate,2013,0.0,0.0,0.0
46,Age-specific fertility rate,209,Guinea-Bissau,2,Female,2,0-6 days,3,Rate,2014,0.0,0.0,0.0
46,Age-specific fertility rate,209,Guinea-Bissau,2,Female,2,0-6 days,3,Rate,2015,0.0,0.0,0.0
46,Age-specific fertility rate,209,Guinea-Bissau,2,Female,2,0-6 days,3,Rate,2016,0.0,0.0,0.0
46,Age-specific fertility rate,209,Guinea-Bissau,2,Female,2,0-6 days,3,Rate,2017,0.0,0.0,0.0
46,Age-specific fertility rate,209,Guinea-Bissau,2,Female,2,0-6 days,3,Rate,2018,0.0,0.0,0.0
46,Age-specific fertility rate,209,Guinea-Bissau,2,Female,2,0-6 days,3,Rate,2019,0.0,0.0,0.0
46,Age-specific fertility rate,209,Guinea-Bissau,2,Female,2,0-6 days,3,Rate,2020,0.0,0.0,0.0
46,Age-specific fertility rate,209,Guinea-Bissau,2,Female,2,0-6 days,3,Rate,2021,0.0,0.0,0.0
46,Age-specific fertility rate,218,Togo,2,Female,2,0-6 days,3,Rate,2000,0.0,0.0,0.0
46,Age-specific fertility rate,218,Togo,2,Female,2,0-6 days,3,Rate,2001,0.0,0.0,0.0
46,Age-specific fertility rate,218,Togo,2,Female,2,0-6 days,3,Rate,2002,0.0,0.0,0.0
46,Age-specific fertility rate,218,Togo,2,Female,2,0-6 days,3,Rate,2003,0.0,0.0,0.0
46,Age-specific fertility rate,218,Togo,2,Female,2,0-6 days,3,Rate,2004,0.0,0.0,0.0
46,Age-specific fertility rate,218,Togo,2,Female,2,0-6 days,3,Rate,2005,0.0,0.0,0.0
46,Age-specific fertility rate,218,Togo,2,Female,2,0-6 days,3,Rate,2006,0.0,0.0,0.0
46,Age-specific fertility rate,218,Togo,2,Female,2,0-6 days,3,Rate,2007,0.0,0.0,0.0
46,Age-specific fertility rate,218,Togo,2,Female,2,0-6 days,3,Rate,2008,0.0,0.0,0.0
46,Age-specific fertility rate,218,Togo,2,Female,2,0-6 days,3,Rate,2009,0.0,0.0,0.0
46,Age-specific fertility rate,218,Togo,2,Female,2,0-6 days,3,Rate,2010,0.0,0.0,0.0
46,Age-specific fertility rate,218,Togo,2,Female,2,0-6 days,3,Rate,2011,0.0,0.0,0.0
46,Age-specific fertility rate,218,Togo,2,Female,2,0-6 days,3,Rate,2012,0.0,0.0,0.0
46,Age-specific fertility rate,218,Togo,2,Female,2,0-6 days,3,Rate,2013,0.0,0.0,0.0
46,Age-specific fertility rate,218,Togo,2,Female,2,0-6 days,3,Rate,2014,0.0,0.0,0.0
46,Age-specific fertility rate,218,Togo,2,Female,2,0-6 days,3,Rate,2015,0.0,0.0,0.0
46,Age-specific fertility rate,218,Togo,2,Female,2,0-6 days,3,Rate,2016,0.0,0.0,0.0
46,Age-specific fertility rate,218,Togo,2,Female,2,0-6 days,3,Rate,2017,0.0,0.0,0.0
46,Age-specific fertility rate,218,Togo,2,Female,2,0-6 days,3,Rate,2018,0.0,0.0,0.0
46,Age-specific fertility rate,218,Togo,2,Female,2,0-6 days,3,Rate,2019,0.0,0.0,0.0
46,Age-specific fertility rate,218,Togo,2,Female,2,0-6 days,3,Rate,2020,0.0,0.0,0.0
46,Age-specific fertility rate,218,Togo,2,Female,2,0-6 days,3,Rate,2021,0.0,0.0,0.0
